USE [u_staszel];
GO

EXEC sp_MSforeachtable 'ALTER TABLE ? NOCHECK CONSTRAINT ALL';
GO

SET IDENTITY_INSERT StatusyZamowien ON;
INSERT INTO StatusyZamowien (StatusZamowieniaID, NazwaStatusu) VALUES (1, 'Nowe');
INSERT INTO StatusyZamowien (StatusZamowieniaID, NazwaStatusu) VALUES (2, 'Opłacone');
INSERT INTO StatusyZamowien (StatusZamowieniaID, NazwaStatusu) VALUES (3, 'W realizacji');
INSERT INTO StatusyZamowien (StatusZamowieniaID, NazwaStatusu) VALUES (4, 'Wysłane');
INSERT INTO StatusyZamowien (StatusZamowieniaID, NazwaStatusu) VALUES (5, 'Dostarczone');
INSERT INTO StatusyZamowien (StatusZamowieniaID, NazwaStatusu) VALUES (6, 'Reklamacja');
INSERT INTO StatusyZamowien (StatusZamowieniaID, NazwaStatusu) VALUES (7, 'Anulowane');
SET IDENTITY_INSERT StatusyZamowien OFF;
GO

SET IDENTITY_INSERT StatusyProdukcji ON;
INSERT INTO StatusyProdukcji (StatusProdukcjiID, NazwaStatusu) VALUES (1, 'Oczekiwanie');
INSERT INTO StatusyProdukcji (StatusProdukcjiID, NazwaStatusu) VALUES (2, 'Cięcie');
INSERT INTO StatusyProdukcji (StatusProdukcjiID, NazwaStatusu) VALUES (3, 'Oklejanie');
INSERT INTO StatusyProdukcji (StatusProdukcjiID, NazwaStatusu) VALUES (4, 'Montaż');
INSERT INTO StatusyProdukcji (StatusProdukcjiID, NazwaStatusu) VALUES (5, 'Lakierowanie');
INSERT INTO StatusyProdukcji (StatusProdukcjiID, NazwaStatusu) VALUES (6, 'Kontrola Jakości');
INSERT INTO StatusyProdukcji (StatusProdukcjiID, NazwaStatusu) VALUES (7, 'Gotowe');
SET IDENTITY_INSERT StatusyProdukcji OFF;
GO

SET IDENTITY_INSERT TypyUmow ON;
INSERT INTO TypyUmow (TypUmowyID, NazwaUmowy) VALUES (1, 'UOP');
INSERT INTO TypyUmow (TypUmowyID, NazwaUmowy) VALUES (2, 'B2B');
INSERT INTO TypyUmow (TypUmowyID, NazwaUmowy) VALUES (3, 'Zlecenie');
INSERT INTO TypyUmow (TypUmowyID, NazwaUmowy) VALUES (4, 'O Dzieło');
INSERT INTO TypyUmow (TypUmowyID, NazwaUmowy) VALUES (5, 'Staż');
SET IDENTITY_INSERT TypyUmow OFF;
GO

SET IDENTITY_INSERT Stanowiska ON;
INSERT INTO Stanowiska (StanowiskoID, NazwaStanowiska) VALUES (1, 'Stolarz');
INSERT INTO Stanowiska (StanowiskoID, NazwaStanowiska) VALUES (2, 'Lakiernik');
INSERT INTO Stanowiska (StanowiskoID, NazwaStanowiska) VALUES (3, 'Magazynier');
INSERT INTO Stanowiska (StanowiskoID, NazwaStanowiska) VALUES (4, 'Kierownik Produkcji');
INSERT INTO Stanowiska (StanowiskoID, NazwaStanowiska) VALUES (5, 'Logistyk');
INSERT INTO Stanowiska (StanowiskoID, NazwaStanowiska) VALUES (6, 'Księgowy');
INSERT INTO Stanowiska (StanowiskoID, NazwaStanowiska) VALUES (7, 'Projektant');
SET IDENTITY_INSERT Stanowiska OFF;
GO

SET IDENTITY_INSERT TypyPlatnosci ON;
INSERT INTO TypyPlatnosci (TypPlatnosciID, Metoda) VALUES (1, 'Przelew');
INSERT INTO TypyPlatnosci (TypPlatnosciID, Metoda) VALUES (2, 'Karta');
INSERT INTO TypyPlatnosci (TypPlatnosciID, Metoda) VALUES (3, 'BLIK');
INSERT INTO TypyPlatnosci (TypPlatnosciID, Metoda) VALUES (4, 'Gotówka');
INSERT INTO TypyPlatnosci (TypPlatnosciID, Metoda) VALUES (5, 'Za pobraniem');
SET IDENTITY_INSERT TypyPlatnosci OFF;
GO

SET IDENTITY_INSERT StatusyPlatnosci ON;
INSERT INTO StatusyPlatnosci (StatusPlatnosciID, NazwaStatusu) VALUES (1, 'Oczekuje');
INSERT INTO StatusyPlatnosci (StatusPlatnosciID, NazwaStatusu) VALUES (2, 'Zapłacone');
INSERT INTO StatusyPlatnosci (StatusPlatnosciID, NazwaStatusu) VALUES (3, 'Częściowo opłacone');
INSERT INTO StatusyPlatnosci (StatusPlatnosciID, NazwaStatusu) VALUES (4, 'Przeterminowane');
INSERT INTO StatusyPlatnosci (StatusPlatnosciID, NazwaStatusu) VALUES (5, 'Zwrot');
SET IDENTITY_INSERT StatusyPlatnosci OFF;
GO

SET IDENTITY_INSERT TypyReklamacji ON;
INSERT INTO TypyReklamacji (TypReklamacjiID, NazwaTypu) VALUES (1, 'Uszkodzenie mechaniczne');
INSERT INTO TypyReklamacji (TypReklamacjiID, NazwaTypu) VALUES (2, 'Błędny wymiar');
INSERT INTO TypyReklamacji (TypReklamacjiID, NazwaTypu) VALUES (3, 'Wada materiału');
INSERT INTO TypyReklamacji (TypReklamacjiID, NazwaTypu) VALUES (4, 'Brakujący element');
INSERT INTO TypyReklamacji (TypReklamacjiID, NazwaTypu) VALUES (5, 'Inne');
SET IDENTITY_INSERT TypyReklamacji OFF;
GO

INSERT INTO Firmy (NIP, NazwaFirmy, Miasto, Ulica, NumerBudynku, KodPocztowy, Telefon) VALUES ('5774084156', 'Stowarzyszenie Tyczka S.A.', 'Olsztyn', 'Solidarnosci', '59', '35-593', '506 045 890');
INSERT INTO Firmy (NIP, NazwaFirmy, Miasto, Ulica, NumerBudynku, KodPocztowy, Telefon) VALUES ('3984959855', 'Mojsa-Reiter s.c.', 'Czeladź', 'Morska', '85', '49-109', '+48 735 184 906');
INSERT INTO Firmy (NIP, NazwaFirmy, Miasto, Ulica, NumerBudynku, KodPocztowy, Telefon) VALUES ('9472887400', 'PPUH Pompa-Sznura S.A.', 'Kołobrzeg', 'Bydgoska', '883', '61-468', '+48 32 095 70 50');
INSERT INTO Firmy (NIP, NazwaFirmy, Miasto, Ulica, NumerBudynku, KodPocztowy, Telefon) VALUES ('3147764593', 'Pieczyrak i syn s.c.', 'Pszczyna', 'Wałowa', '08', '70-009', '+48 780 988 302');
INSERT INTO Firmy (NIP, NazwaFirmy, Miasto, Ulica, NumerBudynku, KodPocztowy, Telefon) VALUES ('4824946755', 'Kaziród-Wacław Sp. z o.o. Sp.k.', 'Ząbki', 'Świerczewskiego', '796', '52-703', '+48 537 003 377');
INSERT INTO Firmy (NIP, NazwaFirmy, Miasto, Ulica, NumerBudynku, KodPocztowy, Telefon) VALUES ('2498253788', 'Nawój S.A.', 'Zakopane', 'Zielona', '47', '17-331', '+48 669 830 898');
INSERT INTO Firmy (NIP, NazwaFirmy, Miasto, Ulica, NumerBudynku, KodPocztowy, Telefon) VALUES ('3574250152', 'Głowiak-Rozynek Sp.j.', 'Piaseczno', 'Gdańska', '70', '61-324', '+48 517 050 185');
INSERT INTO Firmy (NIP, NazwaFirmy, Miasto, Ulica, NumerBudynku, KodPocztowy, Telefon) VALUES ('5594429754', 'Stowarzyszenie Derek Sp. z o.o. Sp.k.', 'Ostrowiec Świętokrzyski', 'Wiejska', '89/29', '74-498', '+48 736 335 498');
INSERT INTO Firmy (NIP, NazwaFirmy, Miasto, Ulica, NumerBudynku, KodPocztowy, Telefon) VALUES ('5165172792', 'Gabinety Doroba', 'Rzeszów', 'Wybickiego', '97', '07-076', '+48 510 870 638');
INSERT INTO Firmy (NIP, NazwaFirmy, Miasto, Ulica, NumerBudynku, KodPocztowy, Telefon) VALUES ('1610102225', 'Torbus s.c.', 'Świdnik', 'Opolska', '17/07', '25-020', '533 000 938');
INSERT INTO Firmy (NIP, NazwaFirmy, Miasto, Ulica, NumerBudynku, KodPocztowy, Telefon) VALUES ('3358566619', 'Zontek S.A.', 'Cieszyn', 'Szarych Szeregów', '72', '67-604', '32 363 84 63');
INSERT INTO Firmy (NIP, NazwaFirmy, Miasto, Ulica, NumerBudynku, KodPocztowy, Telefon) VALUES ('7318442209', 'PPUH Merchel-Lesner i syn s.c.', 'Skierniewice', 'Zwycięstwa', '411', '18-951', '+48 784 957 074');
INSERT INTO Firmy (NIP, NazwaFirmy, Miasto, Ulica, NumerBudynku, KodPocztowy, Telefon) VALUES ('3274378617', 'PPUH Lejk S.A.', 'Skarżysko-Kamienna', 'Żeromskiego', '836', '15-023', '699 522 603');
INSERT INTO Firmy (NIP, NazwaFirmy, Miasto, Ulica, NumerBudynku, KodPocztowy, Telefon) VALUES ('4834198415', 'Barszczak-Żyrek Sp.j.', 'Jelenia Góra', 'Mała', '527', '25-722', '507 430 498');
INSERT INTO Firmy (NIP, NazwaFirmy, Miasto, Ulica, NumerBudynku, KodPocztowy, Telefon) VALUES ('1622447668', 'Fundacja Saj-Stranc i syn s.c.', 'Iława', 'Dąbrowskiej', '49/31', '44-474', '+48 727 500 616');
INSERT INTO Firmy (NIP, NazwaFirmy, Miasto, Ulica, NumerBudynku, KodPocztowy, Telefon) VALUES ('8452970971', 'PPUH Chmara', 'Jastrzębie-Zdrój', 'Księżycowa', '76', '67-306', '+48 692 767 970');
INSERT INTO Firmy (NIP, NazwaFirmy, Miasto, Ulica, NumerBudynku, KodPocztowy, Telefon) VALUES ('8730068492', 'FPUH Wypiór', 'Starachowice', 'Kolejowa', '72/79', '75-220', '692 645 370');
INSERT INTO Firmy (NIP, NazwaFirmy, Miasto, Ulica, NumerBudynku, KodPocztowy, Telefon) VALUES ('8669422523', 'Grupa Świstek-Bors Sp.k.', 'Rybnik', 'Boczna', '01/16', '09-428', '+48 790 704 833');
INSERT INTO Firmy (NIP, NazwaFirmy, Miasto, Ulica, NumerBudynku, KodPocztowy, Telefon) VALUES ('1824258491', 'FPUH Krzysztoszek-Suszko i syn s.c.', 'Knurów', 'Cyprysowa', '99', '66-206', '699 985 412');
INSERT INTO Firmy (NIP, NazwaFirmy, Miasto, Ulica, NumerBudynku, KodPocztowy, Telefon) VALUES ('4159126781', 'Fundacja Dunal Sp.j.', 'Marki', 'Jarzębinowa', '93/87', '63-327', '664 498 485');
INSERT INTO Firmy (NIP, NazwaFirmy, Miasto, Ulica, NumerBudynku, KodPocztowy, Telefon) VALUES ('7574133997', 'Klyszcz i syn s.c.', 'Turek', 'Perłowa', '51', '96-598', '+48 574 538 298');
INSERT INTO Firmy (NIP, NazwaFirmy, Miasto, Ulica, NumerBudynku, KodPocztowy, Telefon) VALUES ('2922171739', 'Grupa Koloch-Pasiut Sp. z o.o. Sp.k.', 'Radomsko', 'Grunwaldzka', '07', '22-342', '737 308 088');
INSERT INTO Firmy (NIP, NazwaFirmy, Miasto, Ulica, NumerBudynku, KodPocztowy, Telefon) VALUES ('5858423545', 'Kurpisz-Samul Sp. z o.o. Sp.k.', 'Tarnowskie Góry', 'Bolesława Krzywoustego', '42/01', '95-350', '504 301 164');
INSERT INTO Firmy (NIP, NazwaFirmy, Miasto, Ulica, NumerBudynku, KodPocztowy, Telefon) VALUES ('6286608556', 'Startek Sp.k.', 'Czechowice-Dziedzice', 'Daszyńskiego', '39/71', '85-700', '+48 511 074 611');
INSERT INTO Firmy (NIP, NazwaFirmy, Miasto, Ulica, NumerBudynku, KodPocztowy, Telefon) VALUES ('1836250443', 'Matwiejczyk-Sadlik Sp.j.', 'Racibórz', 'Stycznia', '362', '65-639', '721 737 492');
INSERT INTO Firmy (NIP, NazwaFirmy, Miasto, Ulica, NumerBudynku, KodPocztowy, Telefon) VALUES ('1824090583', 'Grupa Szykuła-Nazarewicz Sp.j.', 'Płock', 'Radosna', '956', '50-498', '22 591 42 59');
INSERT INTO Firmy (NIP, NazwaFirmy, Miasto, Ulica, NumerBudynku, KodPocztowy, Telefon) VALUES ('6745541433', 'FPUH Dolega s.c.', 'Będzin', 'Rzemieślnicza', '82/91', '58-748', '691 085 791');
INSERT INTO Firmy (NIP, NazwaFirmy, Miasto, Ulica, NumerBudynku, KodPocztowy, Telefon) VALUES ('2948832122', 'Śmieszek Sp.k.', 'Siemianowice Śląskie', 'Andersa', '150', '08-567', '535 410 771');
INSERT INTO Firmy (NIP, NazwaFirmy, Miasto, Ulica, NumerBudynku, KodPocztowy, Telefon) VALUES ('8339293488', 'Linka Sp.k.', 'Koszalin', 'Radosna', '27', '47-071', '695 966 117');
INSERT INTO Firmy (NIP, NazwaFirmy, Miasto, Ulica, NumerBudynku, KodPocztowy, Telefon) VALUES ('2478371527', 'Fundacja Skoneczna s.c.', 'Łowicz', 'Bydgoska', '344', '80-060', '+48 694 319 748');
GO

SET IDENTITY_INSERT Klienci ON;
INSERT INTO Klienci (KlientID, NIP, Imie_Nazwisko, Miasto_Dostawy, Ulica_Dostawy, Numer_Dostawy, KodPocztowy, Email, Telefon) VALUES (1, '7574133997', 'pani Inga Kuciak', 'Luboń', 'Poprzeczna', '534', '50-756', 'nicolemiksza@example.org', '+48 735 826 221');
INSERT INTO Klienci (KlientID, NIP, Imie_Nazwisko, Miasto_Dostawy, Ulica_Dostawy, Numer_Dostawy, KodPocztowy, Email, Telefon) VALUES (2, '2948832122', 'Rafał Sereda', 'Racibórz', 'Kamienna', '44/55', '80-552', 'bianka45@example.com', '+48 780 186 407');
INSERT INTO Klienci (KlientID, NIP, Imie_Nazwisko, Miasto_Dostawy, Ulica_Dostawy, Numer_Dostawy, KodPocztowy, Email, Telefon) VALUES (3, '1836250443', 'Dorota Wszoła', 'Skierniewice', 'Bociania', '68/90', '73-066', 'hirschkacper@example.net', '798 260 180');
INSERT INTO Klienci (KlientID, NIP, Imie_Nazwisko, Miasto_Dostawy, Ulica_Dostawy, Numer_Dostawy, KodPocztowy, Email, Telefon) VALUES (4, '2922171739', 'Norbert Kozieja', 'Tarnobrzeg', 'Jodłowa', '404', '55-335', 'snochlukasz@example.com', '733 219 303');
INSERT INTO Klienci (KlientID, NIP, Imie_Nazwisko, Miasto_Dostawy, Ulica_Dostawy, Numer_Dostawy, KodPocztowy, Email, Telefon) VALUES (5, '1622447668', 'Adrian Budkiewicz', 'Lublin', 'Korfantego', '572', '06-098', 'cezaryweremczuk@example.org', '735 597 974');
INSERT INTO Klienci (KlientID, NIP, Imie_Nazwisko, Miasto_Dostawy, Ulica_Dostawy, Numer_Dostawy, KodPocztowy, Email, Telefon) VALUES (6, '4834198415', 'Janina Dyja', 'Sosnowiec', 'Miodowa', '625', '84-170', 'stalaj@example.com', '781 617 311');
INSERT INTO Klienci (KlientID, NIP, Imie_Nazwisko, Miasto_Dostawy, Ulica_Dostawy, Numer_Dostawy, KodPocztowy, Email, Telefon) VALUES (7, 'BRAK', 'Leonard Półchłopek', 'Wieluń', 'Wałowa', '162', '92-333', 'wiktorrosolek@example.org', '22 625 83 88');
INSERT INTO Klienci (KlientID, NIP, Imie_Nazwisko, Miasto_Dostawy, Ulica_Dostawy, Numer_Dostawy, KodPocztowy, Email, Telefon) VALUES (8, '1610102225', 'Marcin Wołoszczuk', 'Żagań', 'Mazurska', '039', '23-714', 'miloszpys@example.com', '22 130 43 06');
INSERT INTO Klienci (KlientID, NIP, Imie_Nazwisko, Miasto_Dostawy, Ulica_Dostawy, Numer_Dostawy, KodPocztowy, Email, Telefon) VALUES (9, '4834198415', 'Marek Dyrek', 'Słupsk', 'Chełmońskiego', '439', '55-392', 'qkokosza@example.net', '734 856 547');
INSERT INTO Klienci (KlientID, NIP, Imie_Nazwisko, Miasto_Dostawy, Ulica_Dostawy, Numer_Dostawy, KodPocztowy, Email, Telefon) VALUES (10, '3274378617', 'Łukasz Tlałka', 'Kętrzyn', 'Skrajna', '26/07', '97-110', 'grzegorz46@example.com', '+48 22 489 41 77');
INSERT INTO Klienci (KlientID, NIP, Imie_Nazwisko, Miasto_Dostawy, Ulica_Dostawy, Numer_Dostawy, KodPocztowy, Email, Telefon) VALUES (11, '3574250152', 'pani Lidia Plaskota', 'Wągrowiec', 'Makuszyńskiego', '96/19', '11-138', 'maks95@example.org', '+48 725 769 234');
INSERT INTO Klienci (KlientID, NIP, Imie_Nazwisko, Miasto_Dostawy, Ulica_Dostawy, Numer_Dostawy, KodPocztowy, Email, Telefon) VALUES (12, 'BRAK', 'Apolonia Mosur', 'Biłgoraj', 'Witosa', '189', '95-717', 'pszulczyk@example.com', '736 724 920');
INSERT INTO Klienci (KlientID, NIP, Imie_Nazwisko, Miasto_Dostawy, Ulica_Dostawy, Numer_Dostawy, KodPocztowy, Email, Telefon) VALUES (13, 'BRAK', 'Tola Pajdak', 'Starogard Gdański', 'Chełmońskiego', '73', '49-132', 'snochfabian@example.net', '572 573 739');
INSERT INTO Klienci (KlientID, NIP, Imie_Nazwisko, Miasto_Dostawy, Ulica_Dostawy, Numer_Dostawy, KodPocztowy, Email, Telefon) VALUES (14, 'BRAK', 'pan Kazimierz Płocharczyk', 'Legnica', 'Topolowa', '05/23', '71-852', 'ryczkotomasz@example.com', '507 482 609');
INSERT INTO Klienci (KlientID, NIP, Imie_Nazwisko, Miasto_Dostawy, Ulica_Dostawy, Numer_Dostawy, KodPocztowy, Email, Telefon) VALUES (15, 'BRAK', 'Józef Knieć', 'Kościan', 'Jarzębinowa', '29/51', '26-279', 'golekkarol@example.net', '783 678 272');
INSERT INTO Klienci (KlientID, NIP, Imie_Nazwisko, Miasto_Dostawy, Ulica_Dostawy, Numer_Dostawy, KodPocztowy, Email, Telefon) VALUES (16, '3147764593', 'Ignacy Legutko', 'Zawiercie', 'Radosna', '325', '88-941', 'aradko@example.com', '+48 579 124 224');
INSERT INTO Klienci (KlientID, NIP, Imie_Nazwisko, Miasto_Dostawy, Ulica_Dostawy, Numer_Dostawy, KodPocztowy, Email, Telefon) VALUES (17, '8669422523', 'pani Olga Indyk', 'Września', 'Batalionów Chłopskich', '63', '73-063', 'andrzejjedryczka@example.com', '664 490 048');
INSERT INTO Klienci (KlientID, NIP, Imie_Nazwisko, Miasto_Dostawy, Ulica_Dostawy, Numer_Dostawy, KodPocztowy, Email, Telefon) VALUES (18, 'BRAK', 'Mariusz Lada', 'Bochnia', 'Krakowska', '766', '96-329', 'szczerbiakmarek@example.com', '+48 794 328 273');
INSERT INTO Klienci (KlientID, NIP, Imie_Nazwisko, Miasto_Dostawy, Ulica_Dostawy, Numer_Dostawy, KodPocztowy, Email, Telefon) VALUES (19, '7574133997', 'pan Alan Kopyt', 'Pruszków', 'Śląska', '70/31', '98-848', 'maziarczyklidia@example.com', '571 588 024');
INSERT INTO Klienci (KlientID, NIP, Imie_Nazwisko, Miasto_Dostawy, Ulica_Dostawy, Numer_Dostawy, KodPocztowy, Email, Telefon) VALUES (20, 'BRAK', 'Robert Biernacik', 'Łowicz', 'Borowa', '52/92', '90-545', 'celuchmarianna@example.net', '+48 782 185 559');
INSERT INTO Klienci (KlientID, NIP, Imie_Nazwisko, Miasto_Dostawy, Ulica_Dostawy, Numer_Dostawy, KodPocztowy, Email, Telefon) VALUES (21, '1622447668', 'pan Krzysztof Zaraś', 'Otwock', 'Norwida', '546', '04-404', 'rafalstefanik@example.com', '+48 695 212 135');
INSERT INTO Klienci (KlientID, NIP, Imie_Nazwisko, Miasto_Dostawy, Ulica_Dostawy, Numer_Dostawy, KodPocztowy, Email, Telefon) VALUES (22, 'BRAK', 'pani Inga Oleksik', 'Kędzierzyn-Koźle', 'Pułaskiego', '130', '31-414', 'reckorozalia@example.net', '+48 532 903 196');
INSERT INTO Klienci (KlientID, NIP, Imie_Nazwisko, Miasto_Dostawy, Ulica_Dostawy, Numer_Dostawy, KodPocztowy, Email, Telefon) VALUES (23, '5774084156', 'Aniela Kojder', 'Piekary Śląskie', 'Mostowa', '58/52', '28-596', 'hslowiak@example.net', '531 503 515');
INSERT INTO Klienci (KlientID, NIP, Imie_Nazwisko, Miasto_Dostawy, Ulica_Dostawy, Numer_Dostawy, KodPocztowy, Email, Telefon) VALUES (24, '8452970971', 'pani Marcelina Mzyk', 'Pruszcz Gdański', 'Królewska', '24', '97-136', 'fierekfryderyk@example.org', '577 257 365');
INSERT INTO Klienci (KlientID, NIP, Imie_Nazwisko, Miasto_Dostawy, Ulica_Dostawy, Numer_Dostawy, KodPocztowy, Email, Telefon) VALUES (25, '3984959855', 'Urszula Chachuła', 'Goleniów', 'Jaskółcza', '90', '81-502', 'blanka59@example.net', '+48 32 593 32 67');
INSERT INTO Klienci (KlientID, NIP, Imie_Nazwisko, Miasto_Dostawy, Ulica_Dostawy, Numer_Dostawy, KodPocztowy, Email, Telefon) VALUES (26, '7574133997', 'Róża Koniecko', 'Głogów', 'Boczna', '44/32', '77-710', 'konrad13@example.net', '729 589 231');
INSERT INTO Klienci (KlientID, NIP, Imie_Nazwisko, Miasto_Dostawy, Ulica_Dostawy, Numer_Dostawy, KodPocztowy, Email, Telefon) VALUES (27, 'BRAK', 'Anna Maria Szpila', 'Białogard', 'Srebrna', '922', '40-522', 'heinrichjuliusz@example.net', '+48 603 912 649');
INSERT INTO Klienci (KlientID, NIP, Imie_Nazwisko, Miasto_Dostawy, Ulica_Dostawy, Numer_Dostawy, KodPocztowy, Email, Telefon) VALUES (28, 'BRAK', 'pani Ewelina Skocz', 'Częstochowa', 'Sikorskiego', '57', '49-083', 'kamiladej@example.net', '+48 724 076 658');
INSERT INTO Klienci (KlientID, NIP, Imie_Nazwisko, Miasto_Dostawy, Ulica_Dostawy, Numer_Dostawy, KodPocztowy, Email, Telefon) VALUES (29, '8669422523', 'Dagmara Starzak', 'Zawiercie', 'Wiatraczna', '806', '80-639', 'pkanarek@example.org', '795 125 453');
INSERT INTO Klienci (KlientID, NIP, Imie_Nazwisko, Miasto_Dostawy, Ulica_Dostawy, Numer_Dostawy, KodPocztowy, Email, Telefon) VALUES (30, 'BRAK', 'Melania Zimmer', 'Racibórz', 'Szarych Szeregów', '73/85', '74-767', 'sylwiapryk@example.org', '+48 505 455 963');
INSERT INTO Klienci (KlientID, NIP, Imie_Nazwisko, Miasto_Dostawy, Ulica_Dostawy, Numer_Dostawy, KodPocztowy, Email, Telefon) VALUES (31, 'BRAK', 'Karina Łupina', 'Ostrów Mazowiecka', 'Niecała', '93/55', '80-419', 'kdrazyk@example.com', '721 669 619');
INSERT INTO Klienci (KlientID, NIP, Imie_Nazwisko, Miasto_Dostawy, Ulica_Dostawy, Numer_Dostawy, KodPocztowy, Email, Telefon) VALUES (32, 'BRAK', 'pan Ryszard Swacha', 'Ząbki', 'Średnia', '933', '67-732', 'sebastian37@example.net', '+48 725 024 147');
INSERT INTO Klienci (KlientID, NIP, Imie_Nazwisko, Miasto_Dostawy, Ulica_Dostawy, Numer_Dostawy, KodPocztowy, Email, Telefon) VALUES (33, '1610102225', 'Wiktor Pawlaczek', 'Inowrocław', 'Wąska', '12/40', '65-624', 'noszczykagnieszka@example.com', '+48 666 575 058');
INSERT INTO Klienci (KlientID, NIP, Imie_Nazwisko, Miasto_Dostawy, Ulica_Dostawy, Numer_Dostawy, KodPocztowy, Email, Telefon) VALUES (34, 'BRAK', 'pani Klara Jany', 'Tarnobrzeg', 'Słowianska', '83/91', '18-168', 'bartmananna-maria@example.net', '+48 781 952 375');
INSERT INTO Klienci (KlientID, NIP, Imie_Nazwisko, Miasto_Dostawy, Ulica_Dostawy, Numer_Dostawy, KodPocztowy, Email, Telefon) VALUES (35, 'BRAK', 'Janina Ruman', 'Krosno', 'Sosnowa', '61/47', '07-346', 'labnomonika@example.com', '+48 737 542 610');
INSERT INTO Klienci (KlientID, NIP, Imie_Nazwisko, Miasto_Dostawy, Ulica_Dostawy, Numer_Dostawy, KodPocztowy, Email, Telefon) VALUES (36, '8730068492', 'Konrad Kopyt', 'Tarnów', 'Krakowska', '346', '82-915', 'marekkosciuszko@example.net', '+48 607 127 333');
INSERT INTO Klienci (KlientID, NIP, Imie_Nazwisko, Miasto_Dostawy, Ulica_Dostawy, Numer_Dostawy, KodPocztowy, Email, Telefon) VALUES (37, 'BRAK', 'Krystian Gal', 'Bytom', 'Tartaczna', '941', '23-604', 'jakubrajchel@example.com', '32 053 52 95');
INSERT INTO Klienci (KlientID, NIP, Imie_Nazwisko, Miasto_Dostawy, Ulica_Dostawy, Numer_Dostawy, KodPocztowy, Email, Telefon) VALUES (38, 'BRAK', 'Krystyna Borczyk', 'Lubartów', 'Narutowicza', '85', '45-764', 'srozewicz@example.com', '721 626 428');
INSERT INTO Klienci (KlientID, NIP, Imie_Nazwisko, Miasto_Dostawy, Ulica_Dostawy, Numer_Dostawy, KodPocztowy, Email, Telefon) VALUES (39, 'BRAK', 'Mariusz Kij', 'Wodzisław Śląski', 'Składowa', '92', '86-798', 'sonia54@example.com', '32 351 03 94');
INSERT INTO Klienci (KlientID, NIP, Imie_Nazwisko, Miasto_Dostawy, Ulica_Dostawy, Numer_Dostawy, KodPocztowy, Email, Telefon) VALUES (40, 'BRAK', 'Michał Ferdyn', 'Oława', 'Prusa', '14/79', '55-721', 'julian25@example.org', '601 151 052');
INSERT INTO Klienci (KlientID, NIP, Imie_Nazwisko, Miasto_Dostawy, Ulica_Dostawy, Numer_Dostawy, KodPocztowy, Email, Telefon) VALUES (41, '3574250152', 'Olgierd Ekert', 'Środa Wielkopolska', 'Kielecka', '40', '09-906', 'drobnymilosz@example.net', '+48 661 136 047');
INSERT INTO Klienci (KlientID, NIP, Imie_Nazwisko, Miasto_Dostawy, Ulica_Dostawy, Numer_Dostawy, KodPocztowy, Email, Telefon) VALUES (42, 'BRAK', 'Sara Osial', 'Dzierżoniów', 'Sawickiej', '16/52', '44-521', 'kamil51@example.com', '+48 735 527 850');
INSERT INTO Klienci (KlientID, NIP, Imie_Nazwisko, Miasto_Dostawy, Ulica_Dostawy, Numer_Dostawy, KodPocztowy, Email, Telefon) VALUES (43, 'BRAK', 'pani Urszula Dziedzina', 'Żywiec', 'Toruńska', '309', '99-076', 'jerzywiraszka@example.org', '+48 573 728 104');
INSERT INTO Klienci (KlientID, NIP, Imie_Nazwisko, Miasto_Dostawy, Ulica_Dostawy, Numer_Dostawy, KodPocztowy, Email, Telefon) VALUES (44, 'BRAK', 'Blanka Szeszko', 'Tychy', 'Krzywa', '08', '68-755', 'csypula@example.com', '+48 781 878 079');
INSERT INTO Klienci (KlientID, NIP, Imie_Nazwisko, Miasto_Dostawy, Ulica_Dostawy, Numer_Dostawy, KodPocztowy, Email, Telefon) VALUES (45, '1824258491', 'Anna Maria Gierasimiuk', 'Ełk', 'Wiejska', '39/27', '06-187', 'dzielakantoni@example.com', '535 593 932');
INSERT INTO Klienci (KlientID, NIP, Imie_Nazwisko, Miasto_Dostawy, Ulica_Dostawy, Numer_Dostawy, KodPocztowy, Email, Telefon) VALUES (46, '3147764593', 'Marcel Wawrzkiewicz', 'Lublin', 'Ciasna', '60/29', '91-584', 'mariuszczupryna@example.net', '661 631 003');
INSERT INTO Klienci (KlientID, NIP, Imie_Nazwisko, Miasto_Dostawy, Ulica_Dostawy, Numer_Dostawy, KodPocztowy, Email, Telefon) VALUES (47, 'BRAK', 'Tymon Maszczyk', 'Kraków', 'Rzemieślnicza', '458', '85-685', 'rozakamieniarz@example.net', '732 428 877');
INSERT INTO Klienci (KlientID, NIP, Imie_Nazwisko, Miasto_Dostawy, Ulica_Dostawy, Numer_Dostawy, KodPocztowy, Email, Telefon) VALUES (48, 'BRAK', 'pani Ada Czochara', 'Lubliniec', 'Lelewela', '22', '15-541', 'jacekkryza@example.org', '+48 22 390 24 38');
INSERT INTO Klienci (KlientID, NIP, Imie_Nazwisko, Miasto_Dostawy, Ulica_Dostawy, Numer_Dostawy, KodPocztowy, Email, Telefon) VALUES (49, '5594429754', 'Jerzy Franków', 'Starogard Gdański', 'Armii Krajowej', '628', '76-750', 'mieszko18@example.org', '537 394 331');
INSERT INTO Klienci (KlientID, NIP, Imie_Nazwisko, Miasto_Dostawy, Ulica_Dostawy, Numer_Dostawy, KodPocztowy, Email, Telefon) VALUES (50, 'BRAK', 'Robert Laszkiewicz', 'Piła', 'Wiśniowa', '227', '66-816', 'ignacy63@example.com', '602 067 770');
INSERT INTO Klienci (KlientID, NIP, Imie_Nazwisko, Miasto_Dostawy, Ulica_Dostawy, Numer_Dostawy, KodPocztowy, Email, Telefon) VALUES (51, '8452970971', 'Łukasz Semenowicz', 'Starachowice', 'Strażacka', '508', '78-284', 'pklosowicz@example.com', '+48 607 443 052');
INSERT INTO Klienci (KlientID, NIP, Imie_Nazwisko, Miasto_Dostawy, Ulica_Dostawy, Numer_Dostawy, KodPocztowy, Email, Telefon) VALUES (52, '3358566619', 'pan Konrad Warczak', 'Malbork', 'Kielecka', '90/37', '37-013', 'ckajdan@example.net', '600 321 604');
INSERT INTO Klienci (KlientID, NIP, Imie_Nazwisko, Miasto_Dostawy, Ulica_Dostawy, Numer_Dostawy, KodPocztowy, Email, Telefon) VALUES (53, '3984959855', 'Ksawery Kliszcz', 'Rybnik', 'Irysowa', '321', '34-584', 'kornelhanc@example.net', '+48 513 714 531');
INSERT INTO Klienci (KlientID, NIP, Imie_Nazwisko, Miasto_Dostawy, Ulica_Dostawy, Numer_Dostawy, KodPocztowy, Email, Telefon) VALUES (54, 'BRAK', 'Lidia Nazarewicz', 'Lubartów', 'Kaliska', '89/78', '33-575', 'pflasza@example.org', '739 686 542');
INSERT INTO Klienci (KlientID, NIP, Imie_Nazwisko, Miasto_Dostawy, Ulica_Dostawy, Numer_Dostawy, KodPocztowy, Email, Telefon) VALUES (55, '5165172792', 'pani Gaja Bogdał', 'Kielce', 'Baczynskiego', '12/79', '42-502', 'okornet@example.net', '+48 22 304 03 37');
INSERT INTO Klienci (KlientID, NIP, Imie_Nazwisko, Miasto_Dostawy, Ulica_Dostawy, Numer_Dostawy, KodPocztowy, Email, Telefon) VALUES (56, 'BRAK', 'pani Lidia Lepka', 'Dąbrowa Górnicza', 'Asnyka', '037', '30-405', 'julian74@example.org', '+48 788 495 533');
INSERT INTO Klienci (KlientID, NIP, Imie_Nazwisko, Miasto_Dostawy, Ulica_Dostawy, Numer_Dostawy, KodPocztowy, Email, Telefon) VALUES (57, '5858423545', 'Anastazja Kiljan', 'Szczecin', 'Lipca', '223', '18-765', 'yuliczka@example.net', '+48 579 104 253');
INSERT INTO Klienci (KlientID, NIP, Imie_Nazwisko, Miasto_Dostawy, Ulica_Dostawy, Numer_Dostawy, KodPocztowy, Email, Telefon) VALUES (58, 'BRAK', 'Aleks Sass', 'Olsztyn', 'Podleśna', '447', '94-240', 'karolczurylo@example.net', '+48 539 933 074');
INSERT INTO Klienci (KlientID, NIP, Imie_Nazwisko, Miasto_Dostawy, Ulica_Dostawy, Numer_Dostawy, KodPocztowy, Email, Telefon) VALUES (59, 'BRAK', 'Maciej Sznura', 'Zabrze', 'Działkowa', '614', '85-244', 'maurycy46@example.org', '730 192 805');
INSERT INTO Klienci (KlientID, NIP, Imie_Nazwisko, Miasto_Dostawy, Ulica_Dostawy, Numer_Dostawy, KodPocztowy, Email, Telefon) VALUES (60, '5594429754', 'Igor Fabiańczyk', 'Katowice', 'Rataja', '296', '54-144', 'nluszczak@example.com', '+48 789 136 696');
SET IDENTITY_INSERT Klienci OFF;
GO

SET IDENTITY_INSERT Przewoznicy_Kurierzy ON;
INSERT INTO Przewoznicy_Kurierzy (PrzewoznikID, NazwaFirmyPrzewoznika, Telefon) VALUES (1, 'Kurier Józwik', '+48 22 360 71 72');
INSERT INTO Przewoznicy_Kurierzy (PrzewoznikID, NazwaFirmyPrzewoznika, Telefon) VALUES (2, 'Kurier Wilusz', '+48 517 702 023');
INSERT INTO Przewoznicy_Kurierzy (PrzewoznikID, NazwaFirmyPrzewoznika, Telefon) VALUES (3, 'Kurier Ciapa', '32 285 54 48');
INSERT INTO Przewoznicy_Kurierzy (PrzewoznikID, NazwaFirmyPrzewoznika, Telefon) VALUES (4, 'Kurier Sobków', '+48 732 108 736');
INSERT INTO Przewoznicy_Kurierzy (PrzewoznikID, NazwaFirmyPrzewoznika, Telefon) VALUES (5, 'Kurier Grabias', '669 811 471');
INSERT INTO Przewoznicy_Kurierzy (PrzewoznikID, NazwaFirmyPrzewoznika, Telefon) VALUES (6, 'Kurier Zbrzeźniak', '531 020 051');
INSERT INTO Przewoznicy_Kurierzy (PrzewoznikID, NazwaFirmyPrzewoznika, Telefon) VALUES (7, 'Kurier Łyczak', '666 127 447');
INSERT INTO Przewoznicy_Kurierzy (PrzewoznikID, NazwaFirmyPrzewoznika, Telefon) VALUES (8, 'Kurier Kostro', '884 613 506');
INSERT INTO Przewoznicy_Kurierzy (PrzewoznikID, NazwaFirmyPrzewoznika, Telefon) VALUES (9, 'Kurier Szmurło', '+48 781 405 255');
INSERT INTO Przewoznicy_Kurierzy (PrzewoznikID, NazwaFirmyPrzewoznika, Telefon) VALUES (10, 'Kurier Gabara', '+48 518 982 798');
SET IDENTITY_INSERT Przewoznicy_Kurierzy OFF;
GO

SET IDENTITY_INSERT Kategoria ON;
INSERT INTO Kategoria (KategoriaID, NazwaKategorii, Opis) VALUES (1, 'Meble Kuchenne', 'Opis kategorii Meble Kuchenne');
INSERT INTO Kategoria (KategoriaID, NazwaKategorii, Opis) VALUES (2, 'Szafy', 'Opis kategorii Szafy');
INSERT INTO Kategoria (KategoriaID, NazwaKategorii, Opis) VALUES (3, 'Stoły', 'Opis kategorii Stoły');
INSERT INTO Kategoria (KategoriaID, NazwaKategorii, Opis) VALUES (4, 'Krzesła', 'Opis kategorii Krzesła');
INSERT INTO Kategoria (KategoriaID, NazwaKategorii, Opis) VALUES (5, 'Akcesoria', 'Opis kategorii Akcesoria');
SET IDENTITY_INSERT Kategoria OFF;
GO

SET IDENTITY_INSERT Produkt ON;
INSERT INTO Produkt (ProduktID, NazwaProduktu, KategoriaID, CenaSprzedazy) VALUES (1, 'Produkt ZNOSIĆ', 4, 1430);
INSERT INTO Produkt (ProduktID, NazwaProduktu, KategoriaID, CenaSprzedazy) VALUES (2, 'Produkt UCZEŃ', 5, 4838);
INSERT INTO Produkt (ProduktID, NazwaProduktu, KategoriaID, CenaSprzedazy) VALUES (3, 'Produkt AUSTRIA', 1, 1099);
INSERT INTO Produkt (ProduktID, NazwaProduktu, KategoriaID, CenaSprzedazy) VALUES (4, 'Produkt NOCNY', 4, 3166);
INSERT INTO Produkt (ProduktID, NazwaProduktu, KategoriaID, CenaSprzedazy) VALUES (5, 'Produkt STAROŻYTNY', 3, 2930);
INSERT INTO Produkt (ProduktID, NazwaProduktu, KategoriaID, CenaSprzedazy) VALUES (6, 'Produkt WIĘKSZY', 5, 2515);
INSERT INTO Produkt (ProduktID, NazwaProduktu, KategoriaID, CenaSprzedazy) VALUES (7, 'Produkt TAKŻE', 3, 1494);
INSERT INTO Produkt (ProduktID, NazwaProduktu, KategoriaID, CenaSprzedazy) VALUES (8, 'Produkt WYBIERAĆ', 5, 2386);
INSERT INTO Produkt (ProduktID, NazwaProduktu, KategoriaID, CenaSprzedazy) VALUES (9, 'Produkt HERB', 5, 4695);
INSERT INTO Produkt (ProduktID, NazwaProduktu, KategoriaID, CenaSprzedazy) VALUES (10, 'Produkt M.IN.', 3, 2945);
INSERT INTO Produkt (ProduktID, NazwaProduktu, KategoriaID, CenaSprzedazy) VALUES (11, 'Produkt NOGA', 4, 606);
INSERT INTO Produkt (ProduktID, NazwaProduktu, KategoriaID, CenaSprzedazy) VALUES (12, 'Produkt MAMA', 5, 781);
INSERT INTO Produkt (ProduktID, NazwaProduktu, KategoriaID, CenaSprzedazy) VALUES (13, 'Produkt SKLEP', 2, 1707);
INSERT INTO Produkt (ProduktID, NazwaProduktu, KategoriaID, CenaSprzedazy) VALUES (14, 'Produkt GRUDZIEŃ', 3, 2931);
INSERT INTO Produkt (ProduktID, NazwaProduktu, KategoriaID, CenaSprzedazy) VALUES (15, 'Produkt ISTNIEĆ', 1, 777);
INSERT INTO Produkt (ProduktID, NazwaProduktu, KategoriaID, CenaSprzedazy) VALUES (16, 'Produkt MEBEL', 1, 1634);
INSERT INTO Produkt (ProduktID, NazwaProduktu, KategoriaID, CenaSprzedazy) VALUES (17, 'Produkt OSTATNI', 3, 3190);
INSERT INTO Produkt (ProduktID, NazwaProduktu, KategoriaID, CenaSprzedazy) VALUES (18, 'Produkt ODPOWIEDŹ', 5, 4335);
INSERT INTO Produkt (ProduktID, NazwaProduktu, KategoriaID, CenaSprzedazy) VALUES (19, 'Produkt LAS', 3, 2781);
INSERT INTO Produkt (ProduktID, NazwaProduktu, KategoriaID, CenaSprzedazy) VALUES (20, 'Produkt POZNAĆ', 1, 1921);
INSERT INTO Produkt (ProduktID, NazwaProduktu, KategoriaID, CenaSprzedazy) VALUES (21, 'Produkt FOTOGRAFIA', 4, 745);
INSERT INTO Produkt (ProduktID, NazwaProduktu, KategoriaID, CenaSprzedazy) VALUES (22, 'Produkt ZIEMIA', 1, 1112);
INSERT INTO Produkt (ProduktID, NazwaProduktu, KategoriaID, CenaSprzedazy) VALUES (23, 'Produkt ŁĄKA', 1, 612);
INSERT INTO Produkt (ProduktID, NazwaProduktu, KategoriaID, CenaSprzedazy) VALUES (24, 'Produkt PROGRAM', 4, 1797);
INSERT INTO Produkt (ProduktID, NazwaProduktu, KategoriaID, CenaSprzedazy) VALUES (25, 'Produkt OSTATNI', 4, 4993);
INSERT INTO Produkt (ProduktID, NazwaProduktu, KategoriaID, CenaSprzedazy) VALUES (26, 'Produkt PRZY', 1, 1227);
INSERT INTO Produkt (ProduktID, NazwaProduktu, KategoriaID, CenaSprzedazy) VALUES (27, 'Produkt SYGNAŁ', 1, 1744);
INSERT INTO Produkt (ProduktID, NazwaProduktu, KategoriaID, CenaSprzedazy) VALUES (28, 'Produkt OGRÓD', 4, 783);
INSERT INTO Produkt (ProduktID, NazwaProduktu, KategoriaID, CenaSprzedazy) VALUES (29, 'Produkt DRUGI', 4, 4607);
INSERT INTO Produkt (ProduktID, NazwaProduktu, KategoriaID, CenaSprzedazy) VALUES (30, 'Produkt CIĄGNĄĆ', 5, 4246);
INSERT INTO Produkt (ProduktID, NazwaProduktu, KategoriaID, CenaSprzedazy) VALUES (31, 'Produkt NAUKOWIEC', 3, 2637);
INSERT INTO Produkt (ProduktID, NazwaProduktu, KategoriaID, CenaSprzedazy) VALUES (32, 'Produkt WŁADCA', 4, 4630);
INSERT INTO Produkt (ProduktID, NazwaProduktu, KategoriaID, CenaSprzedazy) VALUES (33, 'Produkt ZDARZENIE', 2, 3583);
INSERT INTO Produkt (ProduktID, NazwaProduktu, KategoriaID, CenaSprzedazy) VALUES (34, 'Produkt WZIĄĆ', 4, 4202);
INSERT INTO Produkt (ProduktID, NazwaProduktu, KategoriaID, CenaSprzedazy) VALUES (35, 'Produkt PONIEWAŻ', 3, 2882);
INSERT INTO Produkt (ProduktID, NazwaProduktu, KategoriaID, CenaSprzedazy) VALUES (36, 'Produkt CZYNIĆ', 4, 2642);
INSERT INTO Produkt (ProduktID, NazwaProduktu, KategoriaID, CenaSprzedazy) VALUES (37, 'Produkt PROCENT', 4, 1094);
INSERT INTO Produkt (ProduktID, NazwaProduktu, KategoriaID, CenaSprzedazy) VALUES (38, 'Produkt ULEGAĆ', 1, 4754);
INSERT INTO Produkt (ProduktID, NazwaProduktu, KategoriaID, CenaSprzedazy) VALUES (39, 'Produkt PADAĆ', 5, 3093);
INSERT INTO Produkt (ProduktID, NazwaProduktu, KategoriaID, CenaSprzedazy) VALUES (40, 'Produkt DANE', 3, 1629);
SET IDENTITY_INSERT Produkt OFF;
GO

SET IDENTITY_INSERT Czesci ON;
INSERT INTO Czesci (CzesciID, NazwaCzesci, Material, KosztJednostkowy) VALUES (1, 'Część-łuk', 'Drewno', 194);
INSERT INTO Czesci (CzesciID, NazwaCzesci, Material, KosztJednostkowy) VALUES (2, 'Część-królewski', 'Stal', 16);
INSERT INTO Czesci (CzesciID, NazwaCzesci, Material, KosztJednostkowy) VALUES (3, 'Część-sytuacja', 'MDF', 188);
INSERT INTO Czesci (CzesciID, NazwaCzesci, Material, KosztJednostkowy) VALUES (4, 'Część-mięsień', 'MDF', 83);
INSERT INTO Czesci (CzesciID, NazwaCzesci, Material, KosztJednostkowy) VALUES (5, 'Część-król', 'MDF', 157);
INSERT INTO Czesci (CzesciID, NazwaCzesci, Material, KosztJednostkowy) VALUES (6, 'Część-drzwi', 'Szkło', 148);
INSERT INTO Czesci (CzesciID, NazwaCzesci, Material, KosztJednostkowy) VALUES (7, 'Część-dzięki', 'Szkło', 195);
INSERT INTO Czesci (CzesciID, NazwaCzesci, Material, KosztJednostkowy) VALUES (8, 'Część-biały', 'Drewno', 121);
INSERT INTO Czesci (CzesciID, NazwaCzesci, Material, KosztJednostkowy) VALUES (9, 'Część-maj', 'MDF', 110);
INSERT INTO Czesci (CzesciID, NazwaCzesci, Material, KosztJednostkowy) VALUES (10, 'Część-poniedziałek', 'Stal', 123);
INSERT INTO Czesci (CzesciID, NazwaCzesci, Material, KosztJednostkowy) VALUES (11, 'Część-postawa', 'Drewno', 17);
INSERT INTO Czesci (CzesciID, NazwaCzesci, Material, KosztJednostkowy) VALUES (12, 'Część-biskup', 'MDF', 198);
INSERT INTO Czesci (CzesciID, NazwaCzesci, Material, KosztJednostkowy) VALUES (13, 'Część-okazja', 'Drewno', 110);
INSERT INTO Czesci (CzesciID, NazwaCzesci, Material, KosztJednostkowy) VALUES (14, 'Część-rozpocząć', 'MDF', 123);
INSERT INTO Czesci (CzesciID, NazwaCzesci, Material, KosztJednostkowy) VALUES (15, 'Część-poprzez', 'Drewno', 118);
INSERT INTO Czesci (CzesciID, NazwaCzesci, Material, KosztJednostkowy) VALUES (16, 'Część-lot', 'Szkło', 108);
INSERT INTO Czesci (CzesciID, NazwaCzesci, Material, KosztJednostkowy) VALUES (17, 'Część-obcy', 'Drewno', 124);
INSERT INTO Czesci (CzesciID, NazwaCzesci, Material, KosztJednostkowy) VALUES (18, 'Część-internetowy', 'Stal', 144);
INSERT INTO Czesci (CzesciID, NazwaCzesci, Material, KosztJednostkowy) VALUES (19, 'Część-w formie', 'Stal', 84);
INSERT INTO Czesci (CzesciID, NazwaCzesci, Material, KosztJednostkowy) VALUES (20, 'Część-kosztować', 'Drewno', 78);
INSERT INTO Czesci (CzesciID, NazwaCzesci, Material, KosztJednostkowy) VALUES (21, 'Część-dłoń', 'Stal', 188);
INSERT INTO Czesci (CzesciID, NazwaCzesci, Material, KosztJednostkowy) VALUES (22, 'Część-wolny', 'Drewno', 200);
INSERT INTO Czesci (CzesciID, NazwaCzesci, Material, KosztJednostkowy) VALUES (23, 'Część-różowy', 'Szkło', 105);
INSERT INTO Czesci (CzesciID, NazwaCzesci, Material, KosztJednostkowy) VALUES (24, 'Część-mój', 'MDF', 18);
INSERT INTO Czesci (CzesciID, NazwaCzesci, Material, KosztJednostkowy) VALUES (25, 'Część-wiersz', 'Drewno', 19);
INSERT INTO Czesci (CzesciID, NazwaCzesci, Material, KosztJednostkowy) VALUES (26, 'Część-hiszpański', 'Stal', 58);
INSERT INTO Czesci (CzesciID, NazwaCzesci, Material, KosztJednostkowy) VALUES (27, 'Część-współczesny', 'Szkło', 63);
INSERT INTO Czesci (CzesciID, NazwaCzesci, Material, KosztJednostkowy) VALUES (28, 'Część-godzina', 'MDF', 36);
INSERT INTO Czesci (CzesciID, NazwaCzesci, Material, KosztJednostkowy) VALUES (29, 'Część-utwór', 'Drewno', 29);
INSERT INTO Czesci (CzesciID, NazwaCzesci, Material, KosztJednostkowy) VALUES (30, 'Część-sowa', 'Drewno', 81);
INSERT INTO Czesci (CzesciID, NazwaCzesci, Material, KosztJednostkowy) VALUES (31, 'Część-mowa', 'Stal', 176);
INSERT INTO Czesci (CzesciID, NazwaCzesci, Material, KosztJednostkowy) VALUES (32, 'Część-słoń', 'Stal', 39);
INSERT INTO Czesci (CzesciID, NazwaCzesci, Material, KosztJednostkowy) VALUES (33, 'Część-duński', 'Stal', 150);
INSERT INTO Czesci (CzesciID, NazwaCzesci, Material, KosztJednostkowy) VALUES (34, 'Część-dziś', 'Szkło', 192);
INSERT INTO Czesci (CzesciID, NazwaCzesci, Material, KosztJednostkowy) VALUES (35, 'Część-srebro', 'Stal', 172);
INSERT INTO Czesci (CzesciID, NazwaCzesci, Material, KosztJednostkowy) VALUES (36, 'Część-herb', 'Szkło', 149);
INSERT INTO Czesci (CzesciID, NazwaCzesci, Material, KosztJednostkowy) VALUES (37, 'Część-bar', 'MDF', 109);
INSERT INTO Czesci (CzesciID, NazwaCzesci, Material, KosztJednostkowy) VALUES (38, 'Część-wywodzić się', 'Szkło', 128);
INSERT INTO Czesci (CzesciID, NazwaCzesci, Material, KosztJednostkowy) VALUES (39, 'Część-pisać', 'Szkło', 13);
INSERT INTO Czesci (CzesciID, NazwaCzesci, Material, KosztJednostkowy) VALUES (40, 'Część-górny', 'Stal', 76);
INSERT INTO Czesci (CzesciID, NazwaCzesci, Material, KosztJednostkowy) VALUES (41, 'Część-kolumna', 'Drewno', 169);
INSERT INTO Czesci (CzesciID, NazwaCzesci, Material, KosztJednostkowy) VALUES (42, 'Część-wracać', 'Stal', 163);
INSERT INTO Czesci (CzesciID, NazwaCzesci, Material, KosztJednostkowy) VALUES (43, 'Część-luty', 'Stal', 82);
INSERT INTO Czesci (CzesciID, NazwaCzesci, Material, KosztJednostkowy) VALUES (44, 'Część-więzienie', 'Drewno', 195);
INSERT INTO Czesci (CzesciID, NazwaCzesci, Material, KosztJednostkowy) VALUES (45, 'Część-blisko', 'Stal', 14);
INSERT INTO Czesci (CzesciID, NazwaCzesci, Material, KosztJednostkowy) VALUES (46, 'Część-narzędzie', 'Szkło', 69);
INSERT INTO Czesci (CzesciID, NazwaCzesci, Material, KosztJednostkowy) VALUES (47, 'Część-brudny', 'MDF', 66);
INSERT INTO Czesci (CzesciID, NazwaCzesci, Material, KosztJednostkowy) VALUES (48, 'Część-jeść', 'Stal', 16);
INSERT INTO Czesci (CzesciID, NazwaCzesci, Material, KosztJednostkowy) VALUES (49, 'Część-zmiana', 'Drewno', 125);
INSERT INTO Czesci (CzesciID, NazwaCzesci, Material, KosztJednostkowy) VALUES (50, 'Część-wydarzenie', 'Drewno', 73);
SET IDENTITY_INSERT Czesci OFF;
GO

SET IDENTITY_INSERT Magazyn ON;
INSERT INTO Magazyn (SlotMagazynowyID, ProduktID, IloscDostepna, DataPrzyjecia, DataWydania) VALUES (1, 1, 76, '2025-10-20', '2025-11-10');
INSERT INTO Magazyn (SlotMagazynowyID, ProduktID, IloscDostepna, DataPrzyjecia, DataWydania) VALUES (2, 2, 15, '2025-10-28', '2025-11-05');
INSERT INTO Magazyn (SlotMagazynowyID, ProduktID, IloscDostepna, DataPrzyjecia, DataWydania) VALUES (3, 3, 76, '2025-11-25', '2025-12-02');
INSERT INTO Magazyn (SlotMagazynowyID, ProduktID, IloscDostepna, DataPrzyjecia, DataWydania) VALUES (4, 4, 100, '2025-11-22', '2025-11-27');
INSERT INTO Magazyn (SlotMagazynowyID, ProduktID, IloscDostepna, DataPrzyjecia, DataWydania) VALUES (5, 5, 18, '2025-10-21', '2025-11-02');
INSERT INTO Magazyn (SlotMagazynowyID, ProduktID, IloscDostepna, DataPrzyjecia, DataWydania) VALUES (6, 6, 55, '2025-10-30', '2025-11-10');
INSERT INTO Magazyn (SlotMagazynowyID, ProduktID, IloscDostepna, DataPrzyjecia, DataWydania) VALUES (7, 7, 42, '2025-10-24', '2025-11-18');
INSERT INTO Magazyn (SlotMagazynowyID, ProduktID, IloscDostepna, DataPrzyjecia, DataWydania) VALUES (8, 8, 42, '2025-11-10', '2025-12-10');
INSERT INTO Magazyn (SlotMagazynowyID, ProduktID, IloscDostepna, DataPrzyjecia, DataWydania) VALUES (9, 9, 54, '2025-11-23', '2025-12-18');
INSERT INTO Magazyn (SlotMagazynowyID, ProduktID, IloscDostepna, DataPrzyjecia, DataWydania) VALUES (10, 10, 71, '2025-11-25', '2025-12-09');
INSERT INTO Magazyn (SlotMagazynowyID, ProduktID, IloscDostepna, DataPrzyjecia, DataWydania) VALUES (11, 11, 33, '2025-11-20', '2025-12-18');
INSERT INTO Magazyn (SlotMagazynowyID, ProduktID, IloscDostepna, DataPrzyjecia, DataWydania) VALUES (12, 12, 78, '2025-11-02', '2025-11-17');
INSERT INTO Magazyn (SlotMagazynowyID, ProduktID, IloscDostepna, DataPrzyjecia, DataWydania) VALUES (13, 13, 22, '2025-11-06', '2025-11-24');
INSERT INTO Magazyn (SlotMagazynowyID, ProduktID, IloscDostepna, DataPrzyjecia, DataWydania) VALUES (14, 14, 37, '2025-11-20', '2025-12-08');
INSERT INTO Magazyn (SlotMagazynowyID, ProduktID, IloscDostepna, DataPrzyjecia, DataWydania) VALUES (15, 15, 45, '2025-11-10', '2025-12-08');
INSERT INTO Magazyn (SlotMagazynowyID, ProduktID, IloscDostepna, DataPrzyjecia, DataWydania) VALUES (16, 16, 50, '2025-11-01', '2025-11-22');
INSERT INTO Magazyn (SlotMagazynowyID, ProduktID, IloscDostepna, DataPrzyjecia, DataWydania) VALUES (17, 17, 92, '2025-11-22', '2025-12-18');
INSERT INTO Magazyn (SlotMagazynowyID, ProduktID, IloscDostepna, DataPrzyjecia, DataWydania) VALUES (18, 18, 40, '2025-11-09', '2025-12-01');
INSERT INTO Magazyn (SlotMagazynowyID, ProduktID, IloscDostepna, DataPrzyjecia, DataWydania) VALUES (19, 19, 76, '2025-11-15', '2025-11-29');
INSERT INTO Magazyn (SlotMagazynowyID, ProduktID, IloscDostepna, DataPrzyjecia, DataWydania) VALUES (20, 20, 89, '2025-11-18', '2025-11-30');
INSERT INTO Magazyn (SlotMagazynowyID, ProduktID, IloscDostepna, DataPrzyjecia, DataWydania) VALUES (21, 21, 79, '2025-11-14', '2025-11-20');
INSERT INTO Magazyn (SlotMagazynowyID, ProduktID, IloscDostepna, DataPrzyjecia, DataWydania) VALUES (22, 22, 48, '2025-11-01', '2025-11-10');
INSERT INTO Magazyn (SlotMagazynowyID, ProduktID, IloscDostepna, DataPrzyjecia, DataWydania) VALUES (23, 23, 13, '2025-11-11', '2025-11-27');
INSERT INTO Magazyn (SlotMagazynowyID, ProduktID, IloscDostepna, DataPrzyjecia, DataWydania) VALUES (24, 24, 42, '2025-10-23', '2025-11-02');
INSERT INTO Magazyn (SlotMagazynowyID, ProduktID, IloscDostepna, DataPrzyjecia, DataWydania) VALUES (25, 25, 89, '2025-11-26', '2025-12-25');
INSERT INTO Magazyn (SlotMagazynowyID, ProduktID, IloscDostepna, DataPrzyjecia, DataWydania) VALUES (26, 26, 57, '2025-11-15', '2025-11-20');
INSERT INTO Magazyn (SlotMagazynowyID, ProduktID, IloscDostepna, DataPrzyjecia, DataWydania) VALUES (27, 27, 19, '2025-11-28', '2025-12-15');
INSERT INTO Magazyn (SlotMagazynowyID, ProduktID, IloscDostepna, DataPrzyjecia, DataWydania) VALUES (28, 28, 12, '2025-11-13', '2025-11-29');
INSERT INTO Magazyn (SlotMagazynowyID, ProduktID, IloscDostepna, DataPrzyjecia, DataWydania) VALUES (29, 29, 86, '2025-10-27', '2025-11-02');
INSERT INTO Magazyn (SlotMagazynowyID, ProduktID, IloscDostepna, DataPrzyjecia, DataWydania) VALUES (30, 30, 45, '2025-11-27', '2025-12-09');
INSERT INTO Magazyn (SlotMagazynowyID, ProduktID, IloscDostepna, DataPrzyjecia, DataWydania) VALUES (31, 31, 68, '2025-10-21', '2025-11-06');
INSERT INTO Magazyn (SlotMagazynowyID, ProduktID, IloscDostepna, DataPrzyjecia, DataWydania) VALUES (32, 32, 74, '2025-11-22', '2025-12-05');
INSERT INTO Magazyn (SlotMagazynowyID, ProduktID, IloscDostepna, DataPrzyjecia, DataWydania) VALUES (33, 33, 42, '2025-11-08', '2025-11-29');
INSERT INTO Magazyn (SlotMagazynowyID, ProduktID, IloscDostepna, DataPrzyjecia, DataWydania) VALUES (34, 34, 51, '2025-10-28', '2025-11-03');
INSERT INTO Magazyn (SlotMagazynowyID, ProduktID, IloscDostepna, DataPrzyjecia, DataWydania) VALUES (35, 35, 33, '2025-11-16', '2025-12-08');
INSERT INTO Magazyn (SlotMagazynowyID, ProduktID, IloscDostepna, DataPrzyjecia, DataWydania) VALUES (36, 36, 64, '2025-10-29', '2025-11-25');
INSERT INTO Magazyn (SlotMagazynowyID, ProduktID, IloscDostepna, DataPrzyjecia, DataWydania) VALUES (37, 37, 90, '2025-11-03', '2025-11-14');
INSERT INTO Magazyn (SlotMagazynowyID, ProduktID, IloscDostepna, DataPrzyjecia, DataWydania) VALUES (38, 38, 64, '2025-11-29', '2025-12-08');
INSERT INTO Magazyn (SlotMagazynowyID, ProduktID, IloscDostepna, DataPrzyjecia, DataWydania) VALUES (39, 39, 67, '2025-11-22', '2025-12-17');
INSERT INTO Magazyn (SlotMagazynowyID, ProduktID, IloscDostepna, DataPrzyjecia, DataWydania) VALUES (40, 40, 72, '2025-11-15', '2025-12-09');
SET IDENTITY_INSERT Magazyn OFF;
GO

SET IDENTITY_INSERT Receptury ON;
INSERT INTO Receptury (RecepturaID, ProduktID, OpisReceptury, CzasProdukcji) VALUES (1, 1, 'Instrukcja dla produktu 1', 115);
INSERT INTO Receptury (RecepturaID, ProduktID, OpisReceptury, CzasProdukcji) VALUES (2, 2, 'Instrukcja dla produktu 2', 58);
INSERT INTO Receptury (RecepturaID, ProduktID, OpisReceptury, CzasProdukcji) VALUES (3, 3, 'Instrukcja dla produktu 3', 397);
INSERT INTO Receptury (RecepturaID, ProduktID, OpisReceptury, CzasProdukcji) VALUES (4, 4, 'Instrukcja dla produktu 4', 267);
INSERT INTO Receptury (RecepturaID, ProduktID, OpisReceptury, CzasProdukcji) VALUES (5, 5, 'Instrukcja dla produktu 5', 133);
INSERT INTO Receptury (RecepturaID, ProduktID, OpisReceptury, CzasProdukcji) VALUES (6, 6, 'Instrukcja dla produktu 6', 68);
INSERT INTO Receptury (RecepturaID, ProduktID, OpisReceptury, CzasProdukcji) VALUES (7, 7, 'Instrukcja dla produktu 7', 339);
INSERT INTO Receptury (RecepturaID, ProduktID, OpisReceptury, CzasProdukcji) VALUES (8, 8, 'Instrukcja dla produktu 8', 279);
INSERT INTO Receptury (RecepturaID, ProduktID, OpisReceptury, CzasProdukcji) VALUES (9, 9, 'Instrukcja dla produktu 9', 430);
INSERT INTO Receptury (RecepturaID, ProduktID, OpisReceptury, CzasProdukcji) VALUES (10, 10, 'Instrukcja dla produktu 10', 297);
INSERT INTO Receptury (RecepturaID, ProduktID, OpisReceptury, CzasProdukcji) VALUES (11, 11, 'Instrukcja dla produktu 11', 412);
INSERT INTO Receptury (RecepturaID, ProduktID, OpisReceptury, CzasProdukcji) VALUES (12, 12, 'Instrukcja dla produktu 12', 417);
INSERT INTO Receptury (RecepturaID, ProduktID, OpisReceptury, CzasProdukcji) VALUES (13, 13, 'Instrukcja dla produktu 13', 401);
INSERT INTO Receptury (RecepturaID, ProduktID, OpisReceptury, CzasProdukcji) VALUES (14, 14, 'Instrukcja dla produktu 14', 81);
INSERT INTO Receptury (RecepturaID, ProduktID, OpisReceptury, CzasProdukcji) VALUES (15, 15, 'Instrukcja dla produktu 15', 537);
INSERT INTO Receptury (RecepturaID, ProduktID, OpisReceptury, CzasProdukcji) VALUES (16, 16, 'Instrukcja dla produktu 16', 85);
INSERT INTO Receptury (RecepturaID, ProduktID, OpisReceptury, CzasProdukcji) VALUES (17, 17, 'Instrukcja dla produktu 17', 328);
INSERT INTO Receptury (RecepturaID, ProduktID, OpisReceptury, CzasProdukcji) VALUES (18, 18, 'Instrukcja dla produktu 18', 76);
INSERT INTO Receptury (RecepturaID, ProduktID, OpisReceptury, CzasProdukcji) VALUES (19, 19, 'Instrukcja dla produktu 19', 106);
INSERT INTO Receptury (RecepturaID, ProduktID, OpisReceptury, CzasProdukcji) VALUES (20, 20, 'Instrukcja dla produktu 20', 324);
INSERT INTO Receptury (RecepturaID, ProduktID, OpisReceptury, CzasProdukcji) VALUES (21, 21, 'Instrukcja dla produktu 21', 271);
INSERT INTO Receptury (RecepturaID, ProduktID, OpisReceptury, CzasProdukcji) VALUES (22, 22, 'Instrukcja dla produktu 22', 516);
INSERT INTO Receptury (RecepturaID, ProduktID, OpisReceptury, CzasProdukcji) VALUES (23, 23, 'Instrukcja dla produktu 23', 509);
INSERT INTO Receptury (RecepturaID, ProduktID, OpisReceptury, CzasProdukcji) VALUES (24, 24, 'Instrukcja dla produktu 24', 599);
INSERT INTO Receptury (RecepturaID, ProduktID, OpisReceptury, CzasProdukcji) VALUES (25, 25, 'Instrukcja dla produktu 25', 112);
INSERT INTO Receptury (RecepturaID, ProduktID, OpisReceptury, CzasProdukcji) VALUES (26, 26, 'Instrukcja dla produktu 26', 375);
INSERT INTO Receptury (RecepturaID, ProduktID, OpisReceptury, CzasProdukcji) VALUES (27, 27, 'Instrukcja dla produktu 27', 331);
INSERT INTO Receptury (RecepturaID, ProduktID, OpisReceptury, CzasProdukcji) VALUES (28, 28, 'Instrukcja dla produktu 28', 421);
INSERT INTO Receptury (RecepturaID, ProduktID, OpisReceptury, CzasProdukcji) VALUES (29, 29, 'Instrukcja dla produktu 29', 409);
INSERT INTO Receptury (RecepturaID, ProduktID, OpisReceptury, CzasProdukcji) VALUES (30, 30, 'Instrukcja dla produktu 30', 588);
INSERT INTO Receptury (RecepturaID, ProduktID, OpisReceptury, CzasProdukcji) VALUES (31, 31, 'Instrukcja dla produktu 31', 91);
INSERT INTO Receptury (RecepturaID, ProduktID, OpisReceptury, CzasProdukcji) VALUES (32, 32, 'Instrukcja dla produktu 32', 483);
INSERT INTO Receptury (RecepturaID, ProduktID, OpisReceptury, CzasProdukcji) VALUES (33, 33, 'Instrukcja dla produktu 33', 116);
INSERT INTO Receptury (RecepturaID, ProduktID, OpisReceptury, CzasProdukcji) VALUES (34, 34, 'Instrukcja dla produktu 34', 249);
INSERT INTO Receptury (RecepturaID, ProduktID, OpisReceptury, CzasProdukcji) VALUES (35, 35, 'Instrukcja dla produktu 35', 471);
INSERT INTO Receptury (RecepturaID, ProduktID, OpisReceptury, CzasProdukcji) VALUES (36, 36, 'Instrukcja dla produktu 36', 484);
INSERT INTO Receptury (RecepturaID, ProduktID, OpisReceptury, CzasProdukcji) VALUES (37, 37, 'Instrukcja dla produktu 37', 182);
INSERT INTO Receptury (RecepturaID, ProduktID, OpisReceptury, CzasProdukcji) VALUES (38, 38, 'Instrukcja dla produktu 38', 243);
INSERT INTO Receptury (RecepturaID, ProduktID, OpisReceptury, CzasProdukcji) VALUES (39, 39, 'Instrukcja dla produktu 39', 280);
INSERT INTO Receptury (RecepturaID, ProduktID, OpisReceptury, CzasProdukcji) VALUES (40, 40, 'Instrukcja dla produktu 40', 293);
SET IDENTITY_INSERT Receptury OFF;
GO

INSERT INTO ElementyReceptury (RecepturaID, CzescID, Ilosc) VALUES (7, 46, 10);
INSERT INTO ElementyReceptury (RecepturaID, CzescID, Ilosc) VALUES (37, 47, 8);
INSERT INTO ElementyReceptury (RecepturaID, CzescID, Ilosc) VALUES (22, 4, 4);
INSERT INTO ElementyReceptury (RecepturaID, CzescID, Ilosc) VALUES (38, 13, 5);
INSERT INTO ElementyReceptury (RecepturaID, CzescID, Ilosc) VALUES (17, 40, 3);
INSERT INTO ElementyReceptury (RecepturaID, CzescID, Ilosc) VALUES (7, 42, 2);
INSERT INTO ElementyReceptury (RecepturaID, CzescID, Ilosc) VALUES (5, 25, 7);
INSERT INTO ElementyReceptury (RecepturaID, CzescID, Ilosc) VALUES (15, 35, 6);
INSERT INTO ElementyReceptury (RecepturaID, CzescID, Ilosc) VALUES (26, 3, 3);
INSERT INTO ElementyReceptury (RecepturaID, CzescID, Ilosc) VALUES (4, 32, 9);
INSERT INTO ElementyReceptury (RecepturaID, CzescID, Ilosc) VALUES (20, 40, 1);
INSERT INTO ElementyReceptury (RecepturaID, CzescID, Ilosc) VALUES (37, 43, 2);
INSERT INTO ElementyReceptury (RecepturaID, CzescID, Ilosc) VALUES (30, 29, 4);
INSERT INTO ElementyReceptury (RecepturaID, CzescID, Ilosc) VALUES (15, 7, 2);
INSERT INTO ElementyReceptury (RecepturaID, CzescID, Ilosc) VALUES (2, 6, 10);
INSERT INTO ElementyReceptury (RecepturaID, CzescID, Ilosc) VALUES (12, 31, 10);
INSERT INTO ElementyReceptury (RecepturaID, CzescID, Ilosc) VALUES (39, 37, 4);
INSERT INTO ElementyReceptury (RecepturaID, CzescID, Ilosc) VALUES (34, 7, 7);
INSERT INTO ElementyReceptury (RecepturaID, CzescID, Ilosc) VALUES (33, 11, 2);
INSERT INTO ElementyReceptury (RecepturaID, CzescID, Ilosc) VALUES (37, 16, 6);
INSERT INTO ElementyReceptury (RecepturaID, CzescID, Ilosc) VALUES (31, 19, 10);
INSERT INTO ElementyReceptury (RecepturaID, CzescID, Ilosc) VALUES (19, 33, 3);
INSERT INTO ElementyReceptury (RecepturaID, CzescID, Ilosc) VALUES (14, 2, 4);
INSERT INTO ElementyReceptury (RecepturaID, CzescID, Ilosc) VALUES (25, 25, 7);
INSERT INTO ElementyReceptury (RecepturaID, CzescID, Ilosc) VALUES (23, 13, 6);
INSERT INTO ElementyReceptury (RecepturaID, CzescID, Ilosc) VALUES (36, 44, 10);
INSERT INTO ElementyReceptury (RecepturaID, CzescID, Ilosc) VALUES (28, 39, 2);
INSERT INTO ElementyReceptury (RecepturaID, CzescID, Ilosc) VALUES (8, 24, 5);
INSERT INTO ElementyReceptury (RecepturaID, CzescID, Ilosc) VALUES (5, 38, 9);
INSERT INTO ElementyReceptury (RecepturaID, CzescID, Ilosc) VALUES (16, 49, 10);
INSERT INTO ElementyReceptury (RecepturaID, CzescID, Ilosc) VALUES (7, 19, 9);
INSERT INTO ElementyReceptury (RecepturaID, CzescID, Ilosc) VALUES (31, 44, 7);
INSERT INTO ElementyReceptury (RecepturaID, CzescID, Ilosc) VALUES (19, 46, 7);
INSERT INTO ElementyReceptury (RecepturaID, CzescID, Ilosc) VALUES (27, 37, 8);
INSERT INTO ElementyReceptury (RecepturaID, CzescID, Ilosc) VALUES (17, 43, 7);
INSERT INTO ElementyReceptury (RecepturaID, CzescID, Ilosc) VALUES (1, 23, 3);
INSERT INTO ElementyReceptury (RecepturaID, CzescID, Ilosc) VALUES (21, 43, 9);
INSERT INTO ElementyReceptury (RecepturaID, CzescID, Ilosc) VALUES (19, 47, 1);
INSERT INTO ElementyReceptury (RecepturaID, CzescID, Ilosc) VALUES (36, 49, 7);
INSERT INTO ElementyReceptury (RecepturaID, CzescID, Ilosc) VALUES (6, 4, 1);
INSERT INTO ElementyReceptury (RecepturaID, CzescID, Ilosc) VALUES (30, 18, 9);
INSERT INTO ElementyReceptury (RecepturaID, CzescID, Ilosc) VALUES (24, 21, 6);
INSERT INTO ElementyReceptury (RecepturaID, CzescID, Ilosc) VALUES (33, 19, 1);
INSERT INTO ElementyReceptury (RecepturaID, CzescID, Ilosc) VALUES (22, 17, 4);
INSERT INTO ElementyReceptury (RecepturaID, CzescID, Ilosc) VALUES (28, 12, 10);
INSERT INTO ElementyReceptury (RecepturaID, CzescID, Ilosc) VALUES (17, 38, 1);
INSERT INTO ElementyReceptury (RecepturaID, CzescID, Ilosc) VALUES (39, 23, 10);
INSERT INTO ElementyReceptury (RecepturaID, CzescID, Ilosc) VALUES (17, 22, 2);
INSERT INTO ElementyReceptury (RecepturaID, CzescID, Ilosc) VALUES (13, 9, 4);
INSERT INTO ElementyReceptury (RecepturaID, CzescID, Ilosc) VALUES (29, 36, 4);
INSERT INTO ElementyReceptury (RecepturaID, CzescID, Ilosc) VALUES (1, 39, 10);
INSERT INTO ElementyReceptury (RecepturaID, CzescID, Ilosc) VALUES (8, 32, 3);
INSERT INTO ElementyReceptury (RecepturaID, CzescID, Ilosc) VALUES (26, 2, 9);
INSERT INTO ElementyReceptury (RecepturaID, CzescID, Ilosc) VALUES (11, 8, 6);
INSERT INTO ElementyReceptury (RecepturaID, CzescID, Ilosc) VALUES (26, 46, 5);
INSERT INTO ElementyReceptury (RecepturaID, CzescID, Ilosc) VALUES (38, 7, 3);
INSERT INTO ElementyReceptury (RecepturaID, CzescID, Ilosc) VALUES (4, 12, 7);
INSERT INTO ElementyReceptury (RecepturaID, CzescID, Ilosc) VALUES (26, 50, 5);
INSERT INTO ElementyReceptury (RecepturaID, CzescID, Ilosc) VALUES (15, 27, 9);
INSERT INTO ElementyReceptury (RecepturaID, CzescID, Ilosc) VALUES (12, 18, 9);
INSERT INTO ElementyReceptury (RecepturaID, CzescID, Ilosc) VALUES (5, 6, 10);
INSERT INTO ElementyReceptury (RecepturaID, CzescID, Ilosc) VALUES (31, 42, 10);
INSERT INTO ElementyReceptury (RecepturaID, CzescID, Ilosc) VALUES (1, 24, 6);
INSERT INTO ElementyReceptury (RecepturaID, CzescID, Ilosc) VALUES (20, 5, 3);
INSERT INTO ElementyReceptury (RecepturaID, CzescID, Ilosc) VALUES (34, 9, 7);
INSERT INTO ElementyReceptury (RecepturaID, CzescID, Ilosc) VALUES (28, 31, 10);
INSERT INTO ElementyReceptury (RecepturaID, CzescID, Ilosc) VALUES (29, 1, 5);
INSERT INTO ElementyReceptury (RecepturaID, CzescID, Ilosc) VALUES (36, 19, 10);
INSERT INTO ElementyReceptury (RecepturaID, CzescID, Ilosc) VALUES (36, 39, 5);
INSERT INTO ElementyReceptury (RecepturaID, CzescID, Ilosc) VALUES (20, 38, 3);
INSERT INTO ElementyReceptury (RecepturaID, CzescID, Ilosc) VALUES (34, 6, 5);
INSERT INTO ElementyReceptury (RecepturaID, CzescID, Ilosc) VALUES (26, 6, 10);
INSERT INTO ElementyReceptury (RecepturaID, CzescID, Ilosc) VALUES (40, 46, 10);
INSERT INTO ElementyReceptury (RecepturaID, CzescID, Ilosc) VALUES (4, 4, 3);
INSERT INTO ElementyReceptury (RecepturaID, CzescID, Ilosc) VALUES (33, 32, 3);
INSERT INTO ElementyReceptury (RecepturaID, CzescID, Ilosc) VALUES (12, 29, 1);
INSERT INTO ElementyReceptury (RecepturaID, CzescID, Ilosc) VALUES (19, 10, 3);
INSERT INTO ElementyReceptury (RecepturaID, CzescID, Ilosc) VALUES (22, 10, 3);
INSERT INTO ElementyReceptury (RecepturaID, CzescID, Ilosc) VALUES (7, 15, 6);
INSERT INTO ElementyReceptury (RecepturaID, CzescID, Ilosc) VALUES (34, 49, 1);
INSERT INTO ElementyReceptury (RecepturaID, CzescID, Ilosc) VALUES (10, 9, 3);
INSERT INTO ElementyReceptury (RecepturaID, CzescID, Ilosc) VALUES (7, 5, 2);
INSERT INTO ElementyReceptury (RecepturaID, CzescID, Ilosc) VALUES (23, 42, 1);
INSERT INTO ElementyReceptury (RecepturaID, CzescID, Ilosc) VALUES (6, 33, 7);
INSERT INTO ElementyReceptury (RecepturaID, CzescID, Ilosc) VALUES (19, 31, 1);
INSERT INTO ElementyReceptury (RecepturaID, CzescID, Ilosc) VALUES (22, 13, 3);
INSERT INTO ElementyReceptury (RecepturaID, CzescID, Ilosc) VALUES (33, 50, 2);
INSERT INTO ElementyReceptury (RecepturaID, CzescID, Ilosc) VALUES (15, 29, 10);
INSERT INTO ElementyReceptury (RecepturaID, CzescID, Ilosc) VALUES (19, 21, 4);
INSERT INTO ElementyReceptury (RecepturaID, CzescID, Ilosc) VALUES (15, 37, 5);
INSERT INTO ElementyReceptury (RecepturaID, CzescID, Ilosc) VALUES (8, 5, 2);
INSERT INTO ElementyReceptury (RecepturaID, CzescID, Ilosc) VALUES (7, 2, 5);
INSERT INTO ElementyReceptury (RecepturaID, CzescID, Ilosc) VALUES (9, 7, 4);
INSERT INTO ElementyReceptury (RecepturaID, CzescID, Ilosc) VALUES (25, 6, 9);
INSERT INTO ElementyReceptury (RecepturaID, CzescID, Ilosc) VALUES (2, 15, 3);
INSERT INTO ElementyReceptury (RecepturaID, CzescID, Ilosc) VALUES (34, 13, 8);
INSERT INTO ElementyReceptury (RecepturaID, CzescID, Ilosc) VALUES (32, 49, 3);
INSERT INTO ElementyReceptury (RecepturaID, CzescID, Ilosc) VALUES (6, 8, 4);
INSERT INTO ElementyReceptury (RecepturaID, CzescID, Ilosc) VALUES (40, 25, 2);
INSERT INTO ElementyReceptury (RecepturaID, CzescID, Ilosc) VALUES (14, 7, 8);
INSERT INTO ElementyReceptury (RecepturaID, CzescID, Ilosc) VALUES (32, 1, 4);
INSERT INTO ElementyReceptury (RecepturaID, CzescID, Ilosc) VALUES (40, 23, 3);
INSERT INTO ElementyReceptury (RecepturaID, CzescID, Ilosc) VALUES (9, 26, 8);
INSERT INTO ElementyReceptury (RecepturaID, CzescID, Ilosc) VALUES (10, 1, 1);
INSERT INTO ElementyReceptury (RecepturaID, CzescID, Ilosc) VALUES (38, 4, 2);
INSERT INTO ElementyReceptury (RecepturaID, CzescID, Ilosc) VALUES (21, 29, 2);
INSERT INTO ElementyReceptury (RecepturaID, CzescID, Ilosc) VALUES (22, 36, 9);
INSERT INTO ElementyReceptury (RecepturaID, CzescID, Ilosc) VALUES (29, 4, 3);
INSERT INTO ElementyReceptury (RecepturaID, CzescID, Ilosc) VALUES (38, 20, 5);
INSERT INTO ElementyReceptury (RecepturaID, CzescID, Ilosc) VALUES (7, 13, 7);
INSERT INTO ElementyReceptury (RecepturaID, CzescID, Ilosc) VALUES (31, 3, 10);
INSERT INTO ElementyReceptury (RecepturaID, CzescID, Ilosc) VALUES (12, 33, 10);
INSERT INTO ElementyReceptury (RecepturaID, CzescID, Ilosc) VALUES (14, 35, 7);
INSERT INTO ElementyReceptury (RecepturaID, CzescID, Ilosc) VALUES (27, 26, 3);
INSERT INTO ElementyReceptury (RecepturaID, CzescID, Ilosc) VALUES (13, 12, 2);
INSERT INTO ElementyReceptury (RecepturaID, CzescID, Ilosc) VALUES (11, 25, 6);
INSERT INTO ElementyReceptury (RecepturaID, CzescID, Ilosc) VALUES (39, 2, 3);
INSERT INTO ElementyReceptury (RecepturaID, CzescID, Ilosc) VALUES (24, 26, 6);
INSERT INTO ElementyReceptury (RecepturaID, CzescID, Ilosc) VALUES (10, 11, 10);
INSERT INTO ElementyReceptury (RecepturaID, CzescID, Ilosc) VALUES (4, 20, 7);
INSERT INTO ElementyReceptury (RecepturaID, CzescID, Ilosc) VALUES (29, 12, 8);
INSERT INTO ElementyReceptury (RecepturaID, CzescID, Ilosc) VALUES (7, 24, 7);
INSERT INTO ElementyReceptury (RecepturaID, CzescID, Ilosc) VALUES (23, 10, 5);
INSERT INTO ElementyReceptury (RecepturaID, CzescID, Ilosc) VALUES (11, 9, 1);
INSERT INTO ElementyReceptury (RecepturaID, CzescID, Ilosc) VALUES (37, 32, 2);
INSERT INTO ElementyReceptury (RecepturaID, CzescID, Ilosc) VALUES (3, 34, 10);
INSERT INTO ElementyReceptury (RecepturaID, CzescID, Ilosc) VALUES (31, 40, 7);
INSERT INTO ElementyReceptury (RecepturaID, CzescID, Ilosc) VALUES (36, 36, 2);
INSERT INTO ElementyReceptury (RecepturaID, CzescID, Ilosc) VALUES (12, 27, 3);
INSERT INTO ElementyReceptury (RecepturaID, CzescID, Ilosc) VALUES (34, 18, 7);
INSERT INTO ElementyReceptury (RecepturaID, CzescID, Ilosc) VALUES (13, 41, 5);
INSERT INTO ElementyReceptury (RecepturaID, CzescID, Ilosc) VALUES (24, 5, 10);
INSERT INTO ElementyReceptury (RecepturaID, CzescID, Ilosc) VALUES (9, 46, 7);
INSERT INTO ElementyReceptury (RecepturaID, CzescID, Ilosc) VALUES (11, 18, 1);
INSERT INTO ElementyReceptury (RecepturaID, CzescID, Ilosc) VALUES (40, 20, 3);
INSERT INTO ElementyReceptury (RecepturaID, CzescID, Ilosc) VALUES (28, 43, 5);
INSERT INTO ElementyReceptury (RecepturaID, CzescID, Ilosc) VALUES (18, 7, 7);
INSERT INTO ElementyReceptury (RecepturaID, CzescID, Ilosc) VALUES (38, 19, 6);
INSERT INTO ElementyReceptury (RecepturaID, CzescID, Ilosc) VALUES (27, 3, 4);
INSERT INTO ElementyReceptury (RecepturaID, CzescID, Ilosc) VALUES (34, 30, 10);
INSERT INTO ElementyReceptury (RecepturaID, CzescID, Ilosc) VALUES (24, 3, 4);
INSERT INTO ElementyReceptury (RecepturaID, CzescID, Ilosc) VALUES (1, 40, 2);
INSERT INTO ElementyReceptury (RecepturaID, CzescID, Ilosc) VALUES (31, 50, 6);
INSERT INTO ElementyReceptury (RecepturaID, CzescID, Ilosc) VALUES (28, 19, 1);
GO

SET IDENTITY_INSERT Pracownicy ON;
INSERT INTO Pracownicy (PracownikID, Imie_Nazwisko, StawkaGodzinowa, TypUmowyID, StanowiskoID, CzyNaUrlopie) VALUES (1, 'Jakub Rej', 118, 1, 3, 0);
INSERT INTO Pracownicy (PracownikID, Imie_Nazwisko, StawkaGodzinowa, TypUmowyID, StanowiskoID, CzyNaUrlopie) VALUES (2, 'Łukasz Ćwirko', 97, 1, 5, 0);
INSERT INTO Pracownicy (PracownikID, Imie_Nazwisko, StawkaGodzinowa, TypUmowyID, StanowiskoID, CzyNaUrlopie) VALUES (3, 'pan Norbert Bukowiec', 73, 1, 6, 0);
INSERT INTO Pracownicy (PracownikID, Imie_Nazwisko, StawkaGodzinowa, TypUmowyID, StanowiskoID, CzyNaUrlopie) VALUES (4, 'Józef Winek', 62, 2, 6, 0);
INSERT INTO Pracownicy (PracownikID, Imie_Nazwisko, StawkaGodzinowa, TypUmowyID, StanowiskoID, CzyNaUrlopie) VALUES (5, 'pan Nikodem Kacperek', 114, 5, 1, 0);
INSERT INTO Pracownicy (PracownikID, Imie_Nazwisko, StawkaGodzinowa, TypUmowyID, StanowiskoID, CzyNaUrlopie) VALUES (6, 'pan Jerzy Goworek', 70, 3, 3, 0);
INSERT INTO Pracownicy (PracownikID, Imie_Nazwisko, StawkaGodzinowa, TypUmowyID, StanowiskoID, CzyNaUrlopie) VALUES (7, 'Grzegorz Zagozda', 57, 1, 3, 0);
INSERT INTO Pracownicy (PracownikID, Imie_Nazwisko, StawkaGodzinowa, TypUmowyID, StanowiskoID, CzyNaUrlopie) VALUES (8, 'pan Jakub Gołek', 111, 2, 4, 0);
INSERT INTO Pracownicy (PracownikID, Imie_Nazwisko, StawkaGodzinowa, TypUmowyID, StanowiskoID, CzyNaUrlopie) VALUES (9, 'Alan Prokopczuk', 58, 5, 3, 0);
INSERT INTO Pracownicy (PracownikID, Imie_Nazwisko, StawkaGodzinowa, TypUmowyID, StanowiskoID, CzyNaUrlopie) VALUES (10, 'Eliza Cieloch', 44, 4, 3, 0);
INSERT INTO Pracownicy (PracownikID, Imie_Nazwisko, StawkaGodzinowa, TypUmowyID, StanowiskoID, CzyNaUrlopie) VALUES (11, 'Dariusz Kowara', 118, 2, 4, 0);
INSERT INTO Pracownicy (PracownikID, Imie_Nazwisko, StawkaGodzinowa, TypUmowyID, StanowiskoID, CzyNaUrlopie) VALUES (12, 'Radosław Wójcikiewicz', 107, 4, 5, 0);
INSERT INTO Pracownicy (PracownikID, Imie_Nazwisko, StawkaGodzinowa, TypUmowyID, StanowiskoID, CzyNaUrlopie) VALUES (13, 'Kacper Kosak', 60, 1, 1, 0);
INSERT INTO Pracownicy (PracownikID, Imie_Nazwisko, StawkaGodzinowa, TypUmowyID, StanowiskoID, CzyNaUrlopie) VALUES (14, 'Józef Martin', 40, 4, 7, 0);
INSERT INTO Pracownicy (PracownikID, Imie_Nazwisko, StawkaGodzinowa, TypUmowyID, StanowiskoID, CzyNaUrlopie) VALUES (15, 'Kaja Otremba', 77, 2, 7, 0);
INSERT INTO Pracownicy (PracownikID, Imie_Nazwisko, StawkaGodzinowa, TypUmowyID, StanowiskoID, CzyNaUrlopie) VALUES (16, 'Marianna Surmiak', 85, 2, 4, 0);
INSERT INTO Pracownicy (PracownikID, Imie_Nazwisko, StawkaGodzinowa, TypUmowyID, StanowiskoID, CzyNaUrlopie) VALUES (17, 'Dominik Żyrek', 95, 2, 6, 0);
INSERT INTO Pracownicy (PracownikID, Imie_Nazwisko, StawkaGodzinowa, TypUmowyID, StanowiskoID, CzyNaUrlopie) VALUES (18, 'Patryk Wałaszek', 70, 1, 4, 0);
INSERT INTO Pracownicy (PracownikID, Imie_Nazwisko, StawkaGodzinowa, TypUmowyID, StanowiskoID, CzyNaUrlopie) VALUES (19, 'pan Ryszard Samulak', 85, 4, 7, 0);
INSERT INTO Pracownicy (PracownikID, Imie_Nazwisko, StawkaGodzinowa, TypUmowyID, StanowiskoID, CzyNaUrlopie) VALUES (20, 'Olga Kacperczyk', 117, 1, 3, 0);
SET IDENTITY_INSERT Pracownicy OFF;
GO

SET IDENTITY_INSERT Urlopy ON;
INSERT INTO Urlopy (UrlopID, PracownikID, DataStart, DataKoniec, Powod) VALUES (1, 7, '2025-04-10', '2025-04-24', 'Urlop wypoczynkowy');
INSERT INTO Urlopy (UrlopID, PracownikID, DataStart, DataKoniec, Powod) VALUES (2, 19, '2025-05-28', '2025-06-11', 'Urlop wypoczynkowy');
INSERT INTO Urlopy (UrlopID, PracownikID, DataStart, DataKoniec, Powod) VALUES (3, 14, '2025-05-26', '2025-06-09', 'Urlop wypoczynkowy');
INSERT INTO Urlopy (UrlopID, PracownikID, DataStart, DataKoniec, Powod) VALUES (4, 1, '2025-12-08', '2025-12-22', 'Urlop wypoczynkowy');
INSERT INTO Urlopy (UrlopID, PracownikID, DataStart, DataKoniec, Powod) VALUES (5, 2, '2025-08-10', '2025-08-24', 'Urlop wypoczynkowy');
INSERT INTO Urlopy (UrlopID, PracownikID, DataStart, DataKoniec, Powod) VALUES (6, 12, '2025-11-06', '2025-11-20', 'Urlop wypoczynkowy');
INSERT INTO Urlopy (UrlopID, PracownikID, DataStart, DataKoniec, Powod) VALUES (7, 12, '2025-04-08', '2025-04-22', 'Urlop wypoczynkowy');
INSERT INTO Urlopy (UrlopID, PracownikID, DataStart, DataKoniec, Powod) VALUES (8, 10, '2025-12-08', '2025-12-22', 'Urlop wypoczynkowy');
INSERT INTO Urlopy (UrlopID, PracownikID, DataStart, DataKoniec, Powod) VALUES (9, 11, '2025-04-19', '2025-05-03', 'Urlop wypoczynkowy');
INSERT INTO Urlopy (UrlopID, PracownikID, DataStart, DataKoniec, Powod) VALUES (10, 2, '2025-05-14', '2025-05-28', 'Urlop wypoczynkowy');
INSERT INTO Urlopy (UrlopID, PracownikID, DataStart, DataKoniec, Powod) VALUES (11, 4, '2025-11-26', '2025-12-10', 'Urlop wypoczynkowy');
INSERT INTO Urlopy (UrlopID, PracownikID, DataStart, DataKoniec, Powod) VALUES (12, 12, '2025-07-24', '2025-08-07', 'Urlop wypoczynkowy');
INSERT INTO Urlopy (UrlopID, PracownikID, DataStart, DataKoniec, Powod) VALUES (13, 18, '2025-05-30', '2025-06-13', 'Urlop wypoczynkowy');
INSERT INTO Urlopy (UrlopID, PracownikID, DataStart, DataKoniec, Powod) VALUES (14, 20, '2026-01-05', '2026-01-19', 'Urlop wypoczynkowy');
INSERT INTO Urlopy (UrlopID, PracownikID, DataStart, DataKoniec, Powod) VALUES (15, 13, '2025-12-14', '2025-12-28', 'Urlop wypoczynkowy');
SET IDENTITY_INSERT Urlopy OFF;
GO

SET IDENTITY_INSERT Zamowienia ON;
INSERT INTO Zamowienia (ZamowienieID, KlientID, DataZamowienia, Deadline, StatusZamowieniaID, Przecena, AdresZamowienia, PrzewoznikID) VALUES (1, 34, '2024-04-23', '2024-05-14', 6, 5, 'ul. Konopnickiej 87/28, 93-789 Zduńska Wola', 7);
INSERT INTO Zamowienia (ZamowienieID, KlientID, DataZamowienia, Deadline, StatusZamowieniaID, Przecena, AdresZamowienia, PrzewoznikID) VALUES (2, 5, '2025-05-13', '2025-06-03', 3, 0, 'ulica Urocza 83, 88-284 Żory', 8);
INSERT INTO Zamowienia (ZamowienieID, KlientID, DataZamowienia, Deadline, StatusZamowieniaID, Przecena, AdresZamowienia, PrzewoznikID) VALUES (3, 44, '2024-11-30', '2024-12-21', 7, 0, 'pl. Sawickiej 28/59, 01-360 Police', 8);
INSERT INTO Zamowienia (ZamowienieID, KlientID, DataZamowienia, Deadline, StatusZamowieniaID, Przecena, AdresZamowienia, PrzewoznikID) VALUES (4, 41, '2025-08-21', '2025-09-11', 4, 0, 'pl. Willowa 42/98, 53-414 Siedlce', 4);
INSERT INTO Zamowienia (ZamowienieID, KlientID, DataZamowienia, Deadline, StatusZamowieniaID, Przecena, AdresZamowienia, PrzewoznikID) VALUES (5, 35, '2024-04-16', '2024-05-07', 3, 0, 'ul. Staszica 431, 95-200 Brodnica', 6);
INSERT INTO Zamowienia (ZamowienieID, KlientID, DataZamowienia, Deadline, StatusZamowieniaID, Przecena, AdresZamowienia, PrzewoznikID) VALUES (6, 31, '2025-11-20', '2025-12-11', 5, 0, 'al. Piastowska 73/36, 14-724 Wyszków', 10);
INSERT INTO Zamowienia (ZamowienieID, KlientID, DataZamowienia, Deadline, StatusZamowieniaID, Przecena, AdresZamowienia, PrzewoznikID) VALUES (7, 7, '2025-01-01', '2025-01-22', 5, 0, 'pl. Wiosenna 31, 10-705 Sieradz', 10);
INSERT INTO Zamowienia (ZamowienieID, KlientID, DataZamowienia, Deadline, StatusZamowieniaID, Przecena, AdresZamowienia, PrzewoznikID) VALUES (8, 28, '2025-09-19', '2025-10-10', 5, 0, 'pl. Andersa 73/86, 95-218 Sosnowiec', 3);
INSERT INTO Zamowienia (ZamowienieID, KlientID, DataZamowienia, Deadline, StatusZamowieniaID, Przecena, AdresZamowienia, PrzewoznikID) VALUES (9, 44, '2024-10-10', '2024-10-31', 4, 0, 'plac Mickiewicza 33, 54-576 Mysłowice', 6);
INSERT INTO Zamowienia (ZamowienieID, KlientID, DataZamowienia, Deadline, StatusZamowieniaID, Przecena, AdresZamowienia, PrzewoznikID) VALUES (10, 28, '2025-06-28', '2025-07-19', 3, 10, 'al. Armii Krajowej 28/13, 59-755 Katowice', 9);
INSERT INTO Zamowienia (ZamowienieID, KlientID, DataZamowienia, Deadline, StatusZamowieniaID, Przecena, AdresZamowienia, PrzewoznikID) VALUES (11, 57, '2024-04-25', '2024-05-16', 6, 5, 'al. Strumykowa 57, 27-448 Kraśnik', 2);
INSERT INTO Zamowienia (ZamowienieID, KlientID, DataZamowienia, Deadline, StatusZamowieniaID, Przecena, AdresZamowienia, PrzewoznikID) VALUES (12, 33, '2024-09-24', '2024-10-15', 4, 0, 'ul. Partyzantów 748, 09-993 Ostrołęka', 5);
INSERT INTO Zamowienia (ZamowienieID, KlientID, DataZamowienia, Deadline, StatusZamowieniaID, Przecena, AdresZamowienia, PrzewoznikID) VALUES (13, 40, '2024-09-01', '2024-09-22', 7, 0, 'aleja Plażowa 27/01, 69-132 Mielec', 4);
INSERT INTO Zamowienia (ZamowienieID, KlientID, DataZamowienia, Deadline, StatusZamowieniaID, Przecena, AdresZamowienia, PrzewoznikID) VALUES (14, 40, '2025-10-29', '2025-11-19', 4, 10, 'plac Nałkowskiej 85, 63-140 Myszków', 1);
INSERT INTO Zamowienia (ZamowienieID, KlientID, DataZamowienia, Deadline, StatusZamowieniaID, Przecena, AdresZamowienia, PrzewoznikID) VALUES (15, 13, '2024-08-02', '2024-08-23', 3, 5, 'ulica Wypoczynkowa 705, 94-627 Szczecin', 5);
INSERT INTO Zamowienia (ZamowienieID, KlientID, DataZamowienia, Deadline, StatusZamowieniaID, Przecena, AdresZamowienia, PrzewoznikID) VALUES (16, 22, '2024-06-11', '2024-07-02', 2, 0, 'plac Partyzantów 19, 58-770 Ostróda', 5);
INSERT INTO Zamowienia (ZamowienieID, KlientID, DataZamowienia, Deadline, StatusZamowieniaID, Przecena, AdresZamowienia, PrzewoznikID) VALUES (17, 51, '2025-09-19', '2025-10-10', 2, 0, 'al. Lawendowa 86/63, 71-182 Jasło', 8);
INSERT INTO Zamowienia (ZamowienieID, KlientID, DataZamowienia, Deadline, StatusZamowieniaID, Przecena, AdresZamowienia, PrzewoznikID) VALUES (18, 8, '2025-05-17', '2025-06-07', 6, 10, 'pl. Glówna 00, 03-578 Sopot', 3);
INSERT INTO Zamowienia (ZamowienieID, KlientID, DataZamowienia, Deadline, StatusZamowieniaID, Przecena, AdresZamowienia, PrzewoznikID) VALUES (19, 53, '2024-09-13', '2024-10-04', 4, 10, 'al. Średnia 87, 32-266 Cieszyn', 5);
INSERT INTO Zamowienia (ZamowienieID, KlientID, DataZamowienia, Deadline, StatusZamowieniaID, Przecena, AdresZamowienia, PrzewoznikID) VALUES (20, 19, '2024-11-11', '2024-12-02', 1, 0, 'ulica Wolności 81/39, 32-765 Przemyśl', 10);
INSERT INTO Zamowienia (ZamowienieID, KlientID, DataZamowienia, Deadline, StatusZamowieniaID, Przecena, AdresZamowienia, PrzewoznikID) VALUES (21, 56, '2025-05-02', '2025-05-23', 2, 0, 'pl. Maczka 93/29, 92-479 Bytom', 2);
INSERT INTO Zamowienia (ZamowienieID, KlientID, DataZamowienia, Deadline, StatusZamowieniaID, Przecena, AdresZamowienia, PrzewoznikID) VALUES (22, 1, '2025-08-08', '2025-08-29', 5, 0, 'al. Kamienna 82/04, 30-484 Rybnik', 5);
INSERT INTO Zamowienia (ZamowienieID, KlientID, DataZamowienia, Deadline, StatusZamowieniaID, Przecena, AdresZamowienia, PrzewoznikID) VALUES (23, 11, '2025-02-25', '2025-03-18', 7, 5, 'al. Klasztorna 21/93, 33-727 Płock', 5);
INSERT INTO Zamowienia (ZamowienieID, KlientID, DataZamowienia, Deadline, StatusZamowieniaID, Przecena, AdresZamowienia, PrzewoznikID) VALUES (24, 6, '2025-03-06', '2025-03-27', 1, 5, 'al. Błękitna 25, 71-582 Kalisz', 10);
INSERT INTO Zamowienia (ZamowienieID, KlientID, DataZamowienia, Deadline, StatusZamowieniaID, Przecena, AdresZamowienia, PrzewoznikID) VALUES (25, 21, '2024-08-14', '2024-09-04', 3, 10, 'plac Górska 69/20, 98-710 Chojnice', 4);
INSERT INTO Zamowienia (ZamowienieID, KlientID, DataZamowienia, Deadline, StatusZamowieniaID, Przecena, AdresZamowienia, PrzewoznikID) VALUES (26, 14, '2025-06-27', '2025-07-18', 3, 10, 'plac Porzeczkowa 634, 97-010 Płock', 10);
INSERT INTO Zamowienia (ZamowienieID, KlientID, DataZamowienia, Deadline, StatusZamowieniaID, Przecena, AdresZamowienia, PrzewoznikID) VALUES (27, 35, '2024-03-27', '2024-04-17', 3, 0, 'aleja Grunwaldzka 23, 05-627 Sopot', 1);
INSERT INTO Zamowienia (ZamowienieID, KlientID, DataZamowienia, Deadline, StatusZamowieniaID, Przecena, AdresZamowienia, PrzewoznikID) VALUES (28, 50, '2025-02-16', '2025-03-09', 4, 0, 'ulica Gołębia 48, 35-518 Myszków', 5);
INSERT INTO Zamowienia (ZamowienieID, KlientID, DataZamowienia, Deadline, StatusZamowieniaID, Przecena, AdresZamowienia, PrzewoznikID) VALUES (29, 56, '2025-12-06', '2025-12-27', 6, 0, 'aleja Sadowa 287, 42-953 Środa Wielkopolska', 10);
INSERT INTO Zamowienia (ZamowienieID, KlientID, DataZamowienia, Deadline, StatusZamowieniaID, Przecena, AdresZamowienia, PrzewoznikID) VALUES (30, 53, '2024-06-16', '2024-07-07', 5, 0, 'ul. Dojazdowa 040, 76-408 Gniezno', 7);
INSERT INTO Zamowienia (ZamowienieID, KlientID, DataZamowienia, Deadline, StatusZamowieniaID, Przecena, AdresZamowienia, PrzewoznikID) VALUES (31, 18, '2025-07-29', '2025-08-19', 5, 0, 'plac Irysowa 52, 37-732 Łomża', 3);
INSERT INTO Zamowienia (ZamowienieID, KlientID, DataZamowienia, Deadline, StatusZamowieniaID, Przecena, AdresZamowienia, PrzewoznikID) VALUES (32, 47, '2024-06-21', '2024-07-12', 6, 10, 'plac Poznańska 442, 95-872 Żyrardów', 8);
INSERT INTO Zamowienia (ZamowienieID, KlientID, DataZamowienia, Deadline, StatusZamowieniaID, Przecena, AdresZamowienia, PrzewoznikID) VALUES (33, 1, '2025-01-02', '2025-01-23', 7, 0, 'aleja Słoneczna 12/42, 34-593 Będzin', 1);
INSERT INTO Zamowienia (ZamowienieID, KlientID, DataZamowienia, Deadline, StatusZamowieniaID, Przecena, AdresZamowienia, PrzewoznikID) VALUES (34, 59, '2025-01-13', '2025-02-03', 3, 0, 'aleja Storczykowa 22, 90-440 Cieszyn', 1);
INSERT INTO Zamowienia (ZamowienieID, KlientID, DataZamowienia, Deadline, StatusZamowieniaID, Przecena, AdresZamowienia, PrzewoznikID) VALUES (35, 45, '2025-02-17', '2025-03-10', 2, 5, 'al. Zwycięstwa 82, 44-173 Krotoszyn', 2);
INSERT INTO Zamowienia (ZamowienieID, KlientID, DataZamowienia, Deadline, StatusZamowieniaID, Przecena, AdresZamowienia, PrzewoznikID) VALUES (36, 51, '2025-12-05', '2025-12-26', 7, 0, 'ul. Wiatraczna 64, 84-061 Kościan', 4);
INSERT INTO Zamowienia (ZamowienieID, KlientID, DataZamowienia, Deadline, StatusZamowieniaID, Przecena, AdresZamowienia, PrzewoznikID) VALUES (37, 23, '2024-09-23', '2024-10-14', 4, 5, 'plac Sarnia 45, 81-401 Ciechanów', 2);
INSERT INTO Zamowienia (ZamowienieID, KlientID, DataZamowienia, Deadline, StatusZamowieniaID, Przecena, AdresZamowienia, PrzewoznikID) VALUES (38, 33, '2024-06-05', '2024-06-26', 6, 0, 'ulica Zaciszna 264, 78-219 Dąbrowa Górnicza', 3);
INSERT INTO Zamowienia (ZamowienieID, KlientID, DataZamowienia, Deadline, StatusZamowieniaID, Przecena, AdresZamowienia, PrzewoznikID) VALUES (39, 8, '2025-01-29', '2025-02-19', 2, 10, 'ulica Browarna 637, 86-908 Łaziska Górne', 6);
INSERT INTO Zamowienia (ZamowienieID, KlientID, DataZamowienia, Deadline, StatusZamowieniaID, Przecena, AdresZamowienia, PrzewoznikID) VALUES (40, 37, '2025-01-23', '2025-02-13', 7, 5, 'ul. Królewska 272, 08-698 Rzeszów', 1);
INSERT INTO Zamowienia (ZamowienieID, KlientID, DataZamowienia, Deadline, StatusZamowieniaID, Przecena, AdresZamowienia, PrzewoznikID) VALUES (41, 40, '2025-09-11', '2025-10-02', 5, 0, 'ulica Kaszubska 468, 08-992 Biała Podlaska', 7);
INSERT INTO Zamowienia (ZamowienieID, KlientID, DataZamowienia, Deadline, StatusZamowieniaID, Przecena, AdresZamowienia, PrzewoznikID) VALUES (42, 37, '2024-12-21', '2025-01-11', 3, 0, 'pl. Wierzbowa 67/53, 10-236 Ostrowiec Świętokrzyski', 6);
INSERT INTO Zamowienia (ZamowienieID, KlientID, DataZamowienia, Deadline, StatusZamowieniaID, Przecena, AdresZamowienia, PrzewoznikID) VALUES (43, 3, '2024-07-14', '2024-08-04', 3, 0, 'plac Miarki 879, 72-638 Oleśnica', 6);
INSERT INTO Zamowienia (ZamowienieID, KlientID, DataZamowienia, Deadline, StatusZamowieniaID, Przecena, AdresZamowienia, PrzewoznikID) VALUES (44, 32, '2024-12-05', '2024-12-26', 1, 10, 'aleja Sawickiej 254, 41-777 Mysłowice', 4);
INSERT INTO Zamowienia (ZamowienieID, KlientID, DataZamowienia, Deadline, StatusZamowieniaID, Przecena, AdresZamowienia, PrzewoznikID) VALUES (45, 6, '2024-09-04', '2024-09-25', 4, 5, 'ulica Grabowa 460, 81-389 Polkowice', 10);
INSERT INTO Zamowienia (ZamowienieID, KlientID, DataZamowienia, Deadline, StatusZamowieniaID, Przecena, AdresZamowienia, PrzewoznikID) VALUES (46, 34, '2024-11-13', '2024-12-04', 2, 10, 'aleja Wodna 053, 11-827 Nowy Dwór Mazowiecki', 4);
INSERT INTO Zamowienia (ZamowienieID, KlientID, DataZamowienia, Deadline, StatusZamowieniaID, Przecena, AdresZamowienia, PrzewoznikID) VALUES (47, 27, '2025-05-03', '2025-05-24', 6, 0, 'plac Młynarska 46/79, 85-145 Jawor', 1);
INSERT INTO Zamowienia (ZamowienieID, KlientID, DataZamowienia, Deadline, StatusZamowieniaID, Przecena, AdresZamowienia, PrzewoznikID) VALUES (48, 51, '2025-08-01', '2025-08-22', 5, 10, 'pl. Myśliwska 23, 55-889 Świdnik', 2);
INSERT INTO Zamowienia (ZamowienieID, KlientID, DataZamowienia, Deadline, StatusZamowieniaID, Przecena, AdresZamowienia, PrzewoznikID) VALUES (49, 35, '2025-07-25', '2025-08-15', 7, 5, 'pl. Topolowa 60, 41-968 Włocławek', 10);
INSERT INTO Zamowienia (ZamowienieID, KlientID, DataZamowienia, Deadline, StatusZamowieniaID, Przecena, AdresZamowienia, PrzewoznikID) VALUES (50, 1, '2025-09-15', '2025-10-06', 2, 5, 'plac Okrężna 179, 62-741 Włocławek', 7);
INSERT INTO Zamowienia (ZamowienieID, KlientID, DataZamowienia, Deadline, StatusZamowieniaID, Przecena, AdresZamowienia, PrzewoznikID) VALUES (51, 24, '2024-10-26', '2024-11-16', 2, 10, 'aleja Rzeczna 40, 04-062 Wrocław', 6);
INSERT INTO Zamowienia (ZamowienieID, KlientID, DataZamowienia, Deadline, StatusZamowieniaID, Przecena, AdresZamowienia, PrzewoznikID) VALUES (52, 42, '2024-12-13', '2025-01-03', 4, 0, 'al. Lipca 03, 67-683 Augustów', 9);
INSERT INTO Zamowienia (ZamowienieID, KlientID, DataZamowienia, Deadline, StatusZamowieniaID, Przecena, AdresZamowienia, PrzewoznikID) VALUES (53, 52, '2025-10-01', '2025-10-22', 6, 0, 'plac Powstańców Śląskich 79/62, 70-188 Żyrardów', 2);
INSERT INTO Zamowienia (ZamowienieID, KlientID, DataZamowienia, Deadline, StatusZamowieniaID, Przecena, AdresZamowienia, PrzewoznikID) VALUES (54, 48, '2025-02-12', '2025-03-05', 6, 5, 'plac Skrajna 736, 69-127 Wałbrzych', 7);
INSERT INTO Zamowienia (ZamowienieID, KlientID, DataZamowienia, Deadline, StatusZamowieniaID, Przecena, AdresZamowienia, PrzewoznikID) VALUES (55, 40, '2024-10-23', '2024-11-13', 1, 0, 'pl. Widokowa 944, 82-407 Swarzędz', 7);
INSERT INTO Zamowienia (ZamowienieID, KlientID, DataZamowienia, Deadline, StatusZamowieniaID, Przecena, AdresZamowienia, PrzewoznikID) VALUES (56, 31, '2024-04-01', '2024-04-22', 7, 10, 'pl. Tylna 789, 01-685 Police', 4);
INSERT INTO Zamowienia (ZamowienieID, KlientID, DataZamowienia, Deadline, StatusZamowieniaID, Przecena, AdresZamowienia, PrzewoznikID) VALUES (57, 2, '2024-09-20', '2024-10-11', 7, 5, 'pl. Sadowa 46, 03-065 Dębica', 1);
INSERT INTO Zamowienia (ZamowienieID, KlientID, DataZamowienia, Deadline, StatusZamowieniaID, Przecena, AdresZamowienia, PrzewoznikID) VALUES (58, 6, '2025-04-24', '2025-05-15', 3, 0, 'ulica Słowackiego 543, 58-979 Słupsk', 6);
INSERT INTO Zamowienia (ZamowienieID, KlientID, DataZamowienia, Deadline, StatusZamowieniaID, Przecena, AdresZamowienia, PrzewoznikID) VALUES (59, 57, '2024-06-03', '2024-06-24', 5, 0, 'pl. Chopina 318, 10-861 Krosno', 2);
INSERT INTO Zamowienia (ZamowienieID, KlientID, DataZamowienia, Deadline, StatusZamowieniaID, Przecena, AdresZamowienia, PrzewoznikID) VALUES (60, 43, '2025-01-14', '2025-02-04', 3, 0, 'ulica Księżycowa 09, 53-202 Ostrowiec Świętokrzyski', 9);
INSERT INTO Zamowienia (ZamowienieID, KlientID, DataZamowienia, Deadline, StatusZamowieniaID, Przecena, AdresZamowienia, PrzewoznikID) VALUES (61, 49, '2025-02-19', '2025-03-12', 7, 10, 'al. Krzywa 20, 18-421 Skarżysko-Kamienna', 5);
INSERT INTO Zamowienia (ZamowienieID, KlientID, DataZamowienia, Deadline, StatusZamowieniaID, Przecena, AdresZamowienia, PrzewoznikID) VALUES (62, 16, '2025-07-11', '2025-08-01', 2, 0, 'ulica Letniskowa 12/87, 75-075 Ząbki', 10);
INSERT INTO Zamowienia (ZamowienieID, KlientID, DataZamowienia, Deadline, StatusZamowieniaID, Przecena, AdresZamowienia, PrzewoznikID) VALUES (63, 11, '2025-06-24', '2025-07-15', 2, 10, 'plac Wiśniowa 891, 96-518 Inowrocław', 8);
INSERT INTO Zamowienia (ZamowienieID, KlientID, DataZamowienia, Deadline, StatusZamowieniaID, Przecena, AdresZamowienia, PrzewoznikID) VALUES (64, 60, '2024-02-13', '2024-03-05', 5, 0, 'ulica Długosza 11/77, 68-576 Skarżysko-Kamienna', 6);
INSERT INTO Zamowienia (ZamowienieID, KlientID, DataZamowienia, Deadline, StatusZamowieniaID, Przecena, AdresZamowienia, PrzewoznikID) VALUES (65, 47, '2024-08-12', '2024-09-02', 7, 0, 'pl. Północna 99/49, 06-807 Ostrowiec Świętokrzyski', 9);
INSERT INTO Zamowienia (ZamowienieID, KlientID, DataZamowienia, Deadline, StatusZamowieniaID, Przecena, AdresZamowienia, PrzewoznikID) VALUES (66, 9, '2025-04-21', '2025-05-12', 2, 10, 'al. Żytnia 333, 42-011 Łuków', 8);
INSERT INTO Zamowienia (ZamowienieID, KlientID, DataZamowienia, Deadline, StatusZamowieniaID, Przecena, AdresZamowienia, PrzewoznikID) VALUES (67, 24, '2024-07-21', '2024-08-11', 3, 0, 'aleja Kamienna 14/79, 85-304 Racibórz', 3);
INSERT INTO Zamowienia (ZamowienieID, KlientID, DataZamowienia, Deadline, StatusZamowieniaID, Przecena, AdresZamowienia, PrzewoznikID) VALUES (68, 5, '2025-05-25', '2025-06-15', 3, 0, 'aleja Kolorowa 59/96, 18-505 Suwałki', 3);
INSERT INTO Zamowienia (ZamowienieID, KlientID, DataZamowienia, Deadline, StatusZamowieniaID, Przecena, AdresZamowienia, PrzewoznikID) VALUES (69, 41, '2024-05-18', '2024-06-08', 5, 0, 'ulica Mazowiecka 140, 09-763 Czechowice-Dziedzice', 9);
INSERT INTO Zamowienia (ZamowienieID, KlientID, DataZamowienia, Deadline, StatusZamowieniaID, Przecena, AdresZamowienia, PrzewoznikID) VALUES (70, 25, '2024-08-17', '2024-09-07', 5, 0, 'plac Morelowa 26, 12-863 Sandomierz', 9);
INSERT INTO Zamowienia (ZamowienieID, KlientID, DataZamowienia, Deadline, StatusZamowieniaID, Przecena, AdresZamowienia, PrzewoznikID) VALUES (71, 10, '2024-04-26', '2024-05-17', 7, 5, 'aleja Szymanowskiego 69/39, 04-848 Lubartów', 7);
INSERT INTO Zamowienia (ZamowienieID, KlientID, DataZamowienia, Deadline, StatusZamowieniaID, Przecena, AdresZamowienia, PrzewoznikID) VALUES (72, 15, '2025-07-03', '2025-07-24', 4, 5, 'ul. Towarowa 28, 02-231 Jarosław', 7);
INSERT INTO Zamowienia (ZamowienieID, KlientID, DataZamowienia, Deadline, StatusZamowieniaID, Przecena, AdresZamowienia, PrzewoznikID) VALUES (73, 35, '2024-11-25', '2024-12-16', 2, 0, 'al. Daleka 434, 66-859 Koło', 2);
INSERT INTO Zamowienia (ZamowienieID, KlientID, DataZamowienia, Deadline, StatusZamowieniaID, Przecena, AdresZamowienia, PrzewoznikID) VALUES (74, 43, '2024-02-10', '2024-03-02', 4, 10, 'ulica Matejki 243, 97-234 Sochaczew', 7);
INSERT INTO Zamowienia (ZamowienieID, KlientID, DataZamowienia, Deadline, StatusZamowieniaID, Przecena, AdresZamowienia, PrzewoznikID) VALUES (75, 48, '2025-10-18', '2025-11-08', 7, 10, 'pl. Ciasna 34, 02-945 Bochnia', 8);
INSERT INTO Zamowienia (ZamowienieID, KlientID, DataZamowienia, Deadline, StatusZamowieniaID, Przecena, AdresZamowienia, PrzewoznikID) VALUES (76, 40, '2024-10-10', '2024-10-31', 2, 5, 'aleja Baczynskiego 476, 89-345 Oława', 8);
INSERT INTO Zamowienia (ZamowienieID, KlientID, DataZamowienia, Deadline, StatusZamowieniaID, Przecena, AdresZamowienia, PrzewoznikID) VALUES (77, 36, '2024-03-10', '2024-03-31', 1, 10, 'ul. Daleka 876, 97-125 Ostrołęka', 2);
INSERT INTO Zamowienia (ZamowienieID, KlientID, DataZamowienia, Deadline, StatusZamowieniaID, Przecena, AdresZamowienia, PrzewoznikID) VALUES (78, 14, '2025-03-08', '2025-03-29', 2, 10, 'ul. Długa 053, 39-201 Oleśnica', 1);
INSERT INTO Zamowienia (ZamowienieID, KlientID, DataZamowienia, Deadline, StatusZamowieniaID, Przecena, AdresZamowienia, PrzewoznikID) VALUES (79, 49, '2025-04-04', '2025-04-25', 3, 5, 'aleja Browarna 23/96, 36-393 Bielsko-Biała', 7);
INSERT INTO Zamowienia (ZamowienieID, KlientID, DataZamowienia, Deadline, StatusZamowieniaID, Przecena, AdresZamowienia, PrzewoznikID) VALUES (80, 23, '2025-04-16', '2025-05-07', 7, 0, 'pl. Przemysłowa 61/34, 54-785 Kołobrzeg', 6);
INSERT INTO Zamowienia (ZamowienieID, KlientID, DataZamowienia, Deadline, StatusZamowieniaID, Przecena, AdresZamowienia, PrzewoznikID) VALUES (81, 26, '2024-03-28', '2024-04-18', 7, 10, 'plac Prosta 642, 35-126 Kraśnik', 5);
INSERT INTO Zamowienia (ZamowienieID, KlientID, DataZamowienia, Deadline, StatusZamowieniaID, Przecena, AdresZamowienia, PrzewoznikID) VALUES (82, 8, '2025-04-11', '2025-05-02', 1, 0, 'al. Poniatowskiego 51, 45-351 Piastów', 5);
INSERT INTO Zamowienia (ZamowienieID, KlientID, DataZamowienia, Deadline, StatusZamowieniaID, Przecena, AdresZamowienia, PrzewoznikID) VALUES (83, 20, '2025-11-20', '2025-12-11', 2, 10, 'ulica Tulipanowa 68, 59-761 Świętochłowice', 5);
INSERT INTO Zamowienia (ZamowienieID, KlientID, DataZamowienia, Deadline, StatusZamowieniaID, Przecena, AdresZamowienia, PrzewoznikID) VALUES (84, 40, '2024-08-06', '2024-08-27', 2, 0, 'plac Stroma 26, 50-152 Elbląg', 8);
INSERT INTO Zamowienia (ZamowienieID, KlientID, DataZamowienia, Deadline, StatusZamowieniaID, Przecena, AdresZamowienia, PrzewoznikID) VALUES (85, 9, '2024-08-05', '2024-08-26', 4, 0, 'aleja Kreta 90, 14-882 Kłodzko', 2);
INSERT INTO Zamowienia (ZamowienieID, KlientID, DataZamowienia, Deadline, StatusZamowieniaID, Przecena, AdresZamowienia, PrzewoznikID) VALUES (86, 16, '2025-05-11', '2025-06-01', 7, 0, 'ul. Podleśna 837, 90-377 Krosno', 5);
INSERT INTO Zamowienia (ZamowienieID, KlientID, DataZamowienia, Deadline, StatusZamowieniaID, Przecena, AdresZamowienia, PrzewoznikID) VALUES (87, 36, '2025-04-25', '2025-05-16', 7, 5, 'plac Mokra 381, 40-784 Gorzów Wielkopolski', 6);
INSERT INTO Zamowienia (ZamowienieID, KlientID, DataZamowienia, Deadline, StatusZamowieniaID, Przecena, AdresZamowienia, PrzewoznikID) VALUES (88, 33, '2026-01-20', '2026-02-10', 1, 10, 'aleja Świerczewskiego 344, 44-763 Szczytno', 7);
INSERT INTO Zamowienia (ZamowienieID, KlientID, DataZamowienia, Deadline, StatusZamowieniaID, Przecena, AdresZamowienia, PrzewoznikID) VALUES (89, 36, '2024-09-16', '2024-10-07', 7, 5, 'ul. Strażacka 44, 81-366 Bytom', 1);
INSERT INTO Zamowienia (ZamowienieID, KlientID, DataZamowienia, Deadline, StatusZamowieniaID, Przecena, AdresZamowienia, PrzewoznikID) VALUES (90, 34, '2025-07-12', '2025-08-02', 2, 5, 'aleja Moniuszki 504, 05-494 Starachowice', 2);
INSERT INTO Zamowienia (ZamowienieID, KlientID, DataZamowienia, Deadline, StatusZamowieniaID, Przecena, AdresZamowienia, PrzewoznikID) VALUES (91, 54, '2024-06-11', '2024-07-02', 2, 10, 'al. Grzybowa 02, 13-119 Brodnica', 8);
INSERT INTO Zamowienia (ZamowienieID, KlientID, DataZamowienia, Deadline, StatusZamowieniaID, Przecena, AdresZamowienia, PrzewoznikID) VALUES (92, 56, '2025-04-24', '2025-05-15', 1, 0, 'ul. Kościuszki 94, 57-805 Lublin', 5);
INSERT INTO Zamowienia (ZamowienieID, KlientID, DataZamowienia, Deadline, StatusZamowieniaID, Przecena, AdresZamowienia, PrzewoznikID) VALUES (93, 54, '2024-12-09', '2024-12-30', 4, 10, 'al. Krasińskiego 652, 22-989 Tarnów', 4);
INSERT INTO Zamowienia (ZamowienieID, KlientID, DataZamowienia, Deadline, StatusZamowieniaID, Przecena, AdresZamowienia, PrzewoznikID) VALUES (94, 8, '2025-12-30', '2026-01-20', 5, 5, 'al. Jaśminowa 65, 10-296 Iława', 5);
INSERT INTO Zamowienia (ZamowienieID, KlientID, DataZamowienia, Deadline, StatusZamowieniaID, Przecena, AdresZamowienia, PrzewoznikID) VALUES (95, 37, '2024-07-24', '2024-08-14', 1, 0, 'pl. Mickiewicza 109, 08-541 Augustów', 9);
INSERT INTO Zamowienia (ZamowienieID, KlientID, DataZamowienia, Deadline, StatusZamowieniaID, Przecena, AdresZamowienia, PrzewoznikID) VALUES (96, 2, '2025-12-21', '2026-01-11', 7, 5, 'ul. Wrzosowa 91/93, 28-116 Zamość', 4);
INSERT INTO Zamowienia (ZamowienieID, KlientID, DataZamowienia, Deadline, StatusZamowieniaID, Przecena, AdresZamowienia, PrzewoznikID) VALUES (97, 28, '2025-04-14', '2025-05-05', 1, 0, 'pl. Jaskółcza 95/09, 96-828 Piła', 2);
INSERT INTO Zamowienia (ZamowienieID, KlientID, DataZamowienia, Deadline, StatusZamowieniaID, Przecena, AdresZamowienia, PrzewoznikID) VALUES (98, 6, '2024-04-07', '2024-04-28', 5, 0, 'aleja Wiązowa 460, 02-864 Łomża', 2);
INSERT INTO Zamowienia (ZamowienieID, KlientID, DataZamowienia, Deadline, StatusZamowieniaID, Przecena, AdresZamowienia, PrzewoznikID) VALUES (99, 48, '2024-10-11', '2024-11-01', 5, 0, 'pl. Czarnieckiego 46/24, 33-918 Legnica', 2);
INSERT INTO Zamowienia (ZamowienieID, KlientID, DataZamowienia, Deadline, StatusZamowieniaID, Przecena, AdresZamowienia, PrzewoznikID) VALUES (100, 3, '2024-05-22', '2024-06-12', 1, 0, 'pl. Bałtycka 09, 71-874 Rybnik', 10);
SET IDENTITY_INSERT Zamowienia OFF;
GO

SET IDENTITY_INSERT Platnosc ON;
INSERT INTO Platnosc (PlatnoscID, ZamowienieID, NumerFaktury, TypPlatnosciID, StatusPlatnosciID, KwotaNetto, KwotaBrutto, DataPlatnosci) VALUES (1, 1, 'FV/2025/001', 3, 2, 6506, 8002.38, '2026-01-26');
INSERT INTO Platnosc (PlatnoscID, ZamowienieID, NumerFaktury, TypPlatnosciID, StatusPlatnosciID, KwotaNetto, KwotaBrutto, DataPlatnosci) VALUES (2, 2, 'FV/2025/002', 3, 2, 7933, 9757.59, '2026-01-15');
INSERT INTO Platnosc (PlatnoscID, ZamowienieID, NumerFaktury, TypPlatnosciID, StatusPlatnosciID, KwotaNetto, KwotaBrutto, DataPlatnosci) VALUES (3, 3, 'FV/2024/003', 3, 1, 7319, 9002.37, '2025-12-30');
INSERT INTO Platnosc (PlatnoscID, ZamowienieID, NumerFaktury, TypPlatnosciID, StatusPlatnosciID, KwotaNetto, KwotaBrutto, DataPlatnosci) VALUES (4, 4, 'FV/2025/004', 3, 2, 7123, 8761.29, '2026-01-07');
INSERT INTO Platnosc (PlatnoscID, ZamowienieID, NumerFaktury, TypPlatnosciID, StatusPlatnosciID, KwotaNetto, KwotaBrutto, DataPlatnosci) VALUES (5, 5, 'FV/2025/005', 4, 2, 3695, 4544.85, '2026-01-18');
INSERT INTO Platnosc (PlatnoscID, ZamowienieID, NumerFaktury, TypPlatnosciID, StatusPlatnosciID, KwotaNetto, KwotaBrutto, DataPlatnosci) VALUES (6, 6, 'FV/2024/006', 3, 1, 3360, 4132.8, '2025-12-30');
INSERT INTO Platnosc (PlatnoscID, ZamowienieID, NumerFaktury, TypPlatnosciID, StatusPlatnosciID, KwotaNetto, KwotaBrutto, DataPlatnosci) VALUES (7, 7, 'FV/2024/007', 4, 2, 5262, 6472.26, '2026-01-02');
INSERT INTO Platnosc (PlatnoscID, ZamowienieID, NumerFaktury, TypPlatnosciID, StatusPlatnosciID, KwotaNetto, KwotaBrutto, DataPlatnosci) VALUES (8, 8, 'FV/2024/008', 4, 2, 1626, 1999.98, '2026-01-01');
INSERT INTO Platnosc (PlatnoscID, ZamowienieID, NumerFaktury, TypPlatnosciID, StatusPlatnosciID, KwotaNetto, KwotaBrutto, DataPlatnosci) VALUES (9, 9, 'FV/2024/009', 3, 1, 2573, 3164.79, '2026-01-23');
INSERT INTO Platnosc (PlatnoscID, ZamowienieID, NumerFaktury, TypPlatnosciID, StatusPlatnosciID, KwotaNetto, KwotaBrutto, DataPlatnosci) VALUES (10, 10, 'FV/2024/010', 2, 2, 8768, 10784.64, '2026-01-25');
INSERT INTO Platnosc (PlatnoscID, ZamowienieID, NumerFaktury, TypPlatnosciID, StatusPlatnosciID, KwotaNetto, KwotaBrutto, DataPlatnosci) VALUES (11, 11, 'FV/2025/011', 1, 1, 3636, 4472.28, '2026-01-08');
INSERT INTO Platnosc (PlatnoscID, ZamowienieID, NumerFaktury, TypPlatnosciID, StatusPlatnosciID, KwotaNetto, KwotaBrutto, DataPlatnosci) VALUES (12, 12, 'FV/2024/012', 3, 2, 4014, 4937.22, '2026-01-23');
INSERT INTO Platnosc (PlatnoscID, ZamowienieID, NumerFaktury, TypPlatnosciID, StatusPlatnosciID, KwotaNetto, KwotaBrutto, DataPlatnosci) VALUES (13, 13, 'FV/2025/013', 3, 2, 5388, 6627.24, '2026-01-13');
INSERT INTO Platnosc (PlatnoscID, ZamowienieID, NumerFaktury, TypPlatnosciID, StatusPlatnosciID, KwotaNetto, KwotaBrutto, DataPlatnosci) VALUES (14, 14, 'FV/2024/014', 3, 1, 4023, 4948.29, '2026-01-27');
INSERT INTO Platnosc (PlatnoscID, ZamowienieID, NumerFaktury, TypPlatnosciID, StatusPlatnosciID, KwotaNetto, KwotaBrutto, DataPlatnosci) VALUES (15, 15, 'FV/2024/015', 3, 1, 9893, 12168.39, '2026-01-15');
INSERT INTO Platnosc (PlatnoscID, ZamowienieID, NumerFaktury, TypPlatnosciID, StatusPlatnosciID, KwotaNetto, KwotaBrutto, DataPlatnosci) VALUES (16, 16, 'FV/2024/016', 2, 2, 7085, 8714.55, '2026-01-19');
INSERT INTO Platnosc (PlatnoscID, ZamowienieID, NumerFaktury, TypPlatnosciID, StatusPlatnosciID, KwotaNetto, KwotaBrutto, DataPlatnosci) VALUES (17, 17, 'FV/2024/017', 5, 2, 7119, 8756.37, '2026-01-21');
INSERT INTO Platnosc (PlatnoscID, ZamowienieID, NumerFaktury, TypPlatnosciID, StatusPlatnosciID, KwotaNetto, KwotaBrutto, DataPlatnosci) VALUES (18, 18, 'FV/2025/018', 3, 1, 7138, 8779.74, '2026-01-26');
INSERT INTO Platnosc (PlatnoscID, ZamowienieID, NumerFaktury, TypPlatnosciID, StatusPlatnosciID, KwotaNetto, KwotaBrutto, DataPlatnosci) VALUES (19, 19, 'FV/2024/019', 3, 2, 8532, 10494.36, '2026-01-19');
INSERT INTO Platnosc (PlatnoscID, ZamowienieID, NumerFaktury, TypPlatnosciID, StatusPlatnosciID, KwotaNetto, KwotaBrutto, DataPlatnosci) VALUES (20, 20, 'FV/2025/020', 1, 2, 6523, 8023.29, '2026-01-08');
INSERT INTO Platnosc (PlatnoscID, ZamowienieID, NumerFaktury, TypPlatnosciID, StatusPlatnosciID, KwotaNetto, KwotaBrutto, DataPlatnosci) VALUES (21, 21, 'FV/2025/021', 1, 1, 5318, 6541.14, '2026-01-04');
INSERT INTO Platnosc (PlatnoscID, ZamowienieID, NumerFaktury, TypPlatnosciID, StatusPlatnosciID, KwotaNetto, KwotaBrutto, DataPlatnosci) VALUES (22, 22, 'FV/2025/022', 3, 2, 9671, 11895.33, '2026-01-18');
INSERT INTO Platnosc (PlatnoscID, ZamowienieID, NumerFaktury, TypPlatnosciID, StatusPlatnosciID, KwotaNetto, KwotaBrutto, DataPlatnosci) VALUES (23, 23, 'FV/2024/023', 4, 2, 7938, 9763.74, '2026-01-11');
INSERT INTO Platnosc (PlatnoscID, ZamowienieID, NumerFaktury, TypPlatnosciID, StatusPlatnosciID, KwotaNetto, KwotaBrutto, DataPlatnosci) VALUES (24, 24, 'FV/2025/024', 3, 2, 8849, 10884.27, '2026-01-17');
INSERT INTO Platnosc (PlatnoscID, ZamowienieID, NumerFaktury, TypPlatnosciID, StatusPlatnosciID, KwotaNetto, KwotaBrutto, DataPlatnosci) VALUES (25, 25, 'FV/2025/025', 4, 1, 8646, 10634.58, '2026-01-05');
INSERT INTO Platnosc (PlatnoscID, ZamowienieID, NumerFaktury, TypPlatnosciID, StatusPlatnosciID, KwotaNetto, KwotaBrutto, DataPlatnosci) VALUES (26, 26, 'FV/2024/026', 2, 1, 7298, 8976.54, '2026-01-21');
INSERT INTO Platnosc (PlatnoscID, ZamowienieID, NumerFaktury, TypPlatnosciID, StatusPlatnosciID, KwotaNetto, KwotaBrutto, DataPlatnosci) VALUES (27, 27, 'FV/2024/027', 3, 2, 8996, 11065.08, '2026-01-17');
INSERT INTO Platnosc (PlatnoscID, ZamowienieID, NumerFaktury, TypPlatnosciID, StatusPlatnosciID, KwotaNetto, KwotaBrutto, DataPlatnosci) VALUES (28, 28, 'FV/2024/028', 1, 2, 2146, 2639.58, '2026-01-06');
INSERT INTO Platnosc (PlatnoscID, ZamowienieID, NumerFaktury, TypPlatnosciID, StatusPlatnosciID, KwotaNetto, KwotaBrutto, DataPlatnosci) VALUES (29, 29, 'FV/2024/029', 1, 1, 9955, 12244.65, '2026-01-06');
INSERT INTO Platnosc (PlatnoscID, ZamowienieID, NumerFaktury, TypPlatnosciID, StatusPlatnosciID, KwotaNetto, KwotaBrutto, DataPlatnosci) VALUES (30, 30, 'FV/2025/030', 1, 1, 5303, 6522.69, '2025-12-31');
INSERT INTO Platnosc (PlatnoscID, ZamowienieID, NumerFaktury, TypPlatnosciID, StatusPlatnosciID, KwotaNetto, KwotaBrutto, DataPlatnosci) VALUES (31, 31, 'FV/2024/031', 1, 2, 3891, 4785.93, '2026-01-18');
INSERT INTO Platnosc (PlatnoscID, ZamowienieID, NumerFaktury, TypPlatnosciID, StatusPlatnosciID, KwotaNetto, KwotaBrutto, DataPlatnosci) VALUES (32, 32, 'FV/2025/032', 3, 1, 7276, 8949.48, '2026-01-21');
INSERT INTO Platnosc (PlatnoscID, ZamowienieID, NumerFaktury, TypPlatnosciID, StatusPlatnosciID, KwotaNetto, KwotaBrutto, DataPlatnosci) VALUES (33, 33, 'FV/2024/033', 2, 2, 3536, 4349.28, '2026-01-19');
INSERT INTO Platnosc (PlatnoscID, ZamowienieID, NumerFaktury, TypPlatnosciID, StatusPlatnosciID, KwotaNetto, KwotaBrutto, DataPlatnosci) VALUES (34, 34, 'FV/2024/034', 2, 2, 1049, 1290.27, '2026-01-22');
INSERT INTO Platnosc (PlatnoscID, ZamowienieID, NumerFaktury, TypPlatnosciID, StatusPlatnosciID, KwotaNetto, KwotaBrutto, DataPlatnosci) VALUES (35, 35, 'FV/2024/035', 4, 2, 1056, 1298.88, '2026-01-04');
INSERT INTO Platnosc (PlatnoscID, ZamowienieID, NumerFaktury, TypPlatnosciID, StatusPlatnosciID, KwotaNetto, KwotaBrutto, DataPlatnosci) VALUES (36, 36, 'FV/2025/036', 2, 1, 7833, 9634.59, '2026-01-05');
INSERT INTO Platnosc (PlatnoscID, ZamowienieID, NumerFaktury, TypPlatnosciID, StatusPlatnosciID, KwotaNetto, KwotaBrutto, DataPlatnosci) VALUES (37, 37, 'FV/2024/037', 3, 1, 4280, 5264.4, '2025-12-31');
INSERT INTO Platnosc (PlatnoscID, ZamowienieID, NumerFaktury, TypPlatnosciID, StatusPlatnosciID, KwotaNetto, KwotaBrutto, DataPlatnosci) VALUES (38, 38, 'FV/2024/038', 2, 1, 3516, 4324.68, '2026-01-07');
INSERT INTO Platnosc (PlatnoscID, ZamowienieID, NumerFaktury, TypPlatnosciID, StatusPlatnosciID, KwotaNetto, KwotaBrutto, DataPlatnosci) VALUES (39, 39, 'FV/2025/039', 3, 1, 3787, 4658.01, '2026-01-02');
INSERT INTO Platnosc (PlatnoscID, ZamowienieID, NumerFaktury, TypPlatnosciID, StatusPlatnosciID, KwotaNetto, KwotaBrutto, DataPlatnosci) VALUES (40, 40, 'FV/2025/040', 2, 2, 6833, 8404.59, '2025-12-31');
INSERT INTO Platnosc (PlatnoscID, ZamowienieID, NumerFaktury, TypPlatnosciID, StatusPlatnosciID, KwotaNetto, KwotaBrutto, DataPlatnosci) VALUES (41, 41, 'FV/2025/041', 4, 2, 3112, 3827.76, '2026-01-03');
INSERT INTO Platnosc (PlatnoscID, ZamowienieID, NumerFaktury, TypPlatnosciID, StatusPlatnosciID, KwotaNetto, KwotaBrutto, DataPlatnosci) VALUES (42, 42, 'FV/2024/042', 1, 1, 4148, 5102.04, '2025-12-29');
INSERT INTO Platnosc (PlatnoscID, ZamowienieID, NumerFaktury, TypPlatnosciID, StatusPlatnosciID, KwotaNetto, KwotaBrutto, DataPlatnosci) VALUES (43, 43, 'FV/2025/043', 4, 2, 5289, 6505.47, '2026-01-26');
INSERT INTO Platnosc (PlatnoscID, ZamowienieID, NumerFaktury, TypPlatnosciID, StatusPlatnosciID, KwotaNetto, KwotaBrutto, DataPlatnosci) VALUES (44, 44, 'FV/2025/044', 1, 2, 8899, 10945.77, '2026-01-23');
INSERT INTO Platnosc (PlatnoscID, ZamowienieID, NumerFaktury, TypPlatnosciID, StatusPlatnosciID, KwotaNetto, KwotaBrutto, DataPlatnosci) VALUES (45, 45, 'FV/2024/045', 5, 1, 1966, 2418.18, '2026-01-16');
INSERT INTO Platnosc (PlatnoscID, ZamowienieID, NumerFaktury, TypPlatnosciID, StatusPlatnosciID, KwotaNetto, KwotaBrutto, DataPlatnosci) VALUES (46, 46, 'FV/2024/046', 2, 1, 1745, 2146.35, '2026-01-23');
INSERT INTO Platnosc (PlatnoscID, ZamowienieID, NumerFaktury, TypPlatnosciID, StatusPlatnosciID, KwotaNetto, KwotaBrutto, DataPlatnosci) VALUES (47, 47, 'FV/2024/047', 5, 2, 6912, 8501.76, '2026-01-07');
INSERT INTO Platnosc (PlatnoscID, ZamowienieID, NumerFaktury, TypPlatnosciID, StatusPlatnosciID, KwotaNetto, KwotaBrutto, DataPlatnosci) VALUES (48, 48, 'FV/2024/048', 4, 2, 1651, 2030.73, '2026-01-23');
INSERT INTO Platnosc (PlatnoscID, ZamowienieID, NumerFaktury, TypPlatnosciID, StatusPlatnosciID, KwotaNetto, KwotaBrutto, DataPlatnosci) VALUES (49, 49, 'FV/2024/049', 3, 2, 2049, 2520.27, '2026-01-27');
INSERT INTO Platnosc (PlatnoscID, ZamowienieID, NumerFaktury, TypPlatnosciID, StatusPlatnosciID, KwotaNetto, KwotaBrutto, DataPlatnosci) VALUES (50, 50, 'FV/2024/050', 3, 2, 7807, 9602.61, '2026-01-24');
INSERT INTO Platnosc (PlatnoscID, ZamowienieID, NumerFaktury, TypPlatnosciID, StatusPlatnosciID, KwotaNetto, KwotaBrutto, DataPlatnosci) VALUES (51, 51, 'FV/2024/051', 3, 2, 7802, 9596.46, '2026-01-06');
INSERT INTO Platnosc (PlatnoscID, ZamowienieID, NumerFaktury, TypPlatnosciID, StatusPlatnosciID, KwotaNetto, KwotaBrutto, DataPlatnosci) VALUES (52, 52, 'FV/2024/052', 2, 1, 4602, 5660.46, '2026-01-12');
INSERT INTO Platnosc (PlatnoscID, ZamowienieID, NumerFaktury, TypPlatnosciID, StatusPlatnosciID, KwotaNetto, KwotaBrutto, DataPlatnosci) VALUES (53, 53, 'FV/2025/053', 4, 2, 5444, 6696.12, '2026-01-10');
INSERT INTO Platnosc (PlatnoscID, ZamowienieID, NumerFaktury, TypPlatnosciID, StatusPlatnosciID, KwotaNetto, KwotaBrutto, DataPlatnosci) VALUES (54, 54, 'FV/2024/054', 4, 1, 2241, 2756.43, '2026-01-08');
INSERT INTO Platnosc (PlatnoscID, ZamowienieID, NumerFaktury, TypPlatnosciID, StatusPlatnosciID, KwotaNetto, KwotaBrutto, DataPlatnosci) VALUES (55, 55, 'FV/2024/055', 3, 2, 8885, 10928.55, '2026-01-02');
INSERT INTO Platnosc (PlatnoscID, ZamowienieID, NumerFaktury, TypPlatnosciID, StatusPlatnosciID, KwotaNetto, KwotaBrutto, DataPlatnosci) VALUES (56, 56, 'FV/2024/056', 3, 2, 1530, 1881.9, '2026-01-08');
INSERT INTO Platnosc (PlatnoscID, ZamowienieID, NumerFaktury, TypPlatnosciID, StatusPlatnosciID, KwotaNetto, KwotaBrutto, DataPlatnosci) VALUES (57, 57, 'FV/2025/057', 3, 1, 1758, 2162.34, '2026-01-13');
INSERT INTO Platnosc (PlatnoscID, ZamowienieID, NumerFaktury, TypPlatnosciID, StatusPlatnosciID, KwotaNetto, KwotaBrutto, DataPlatnosci) VALUES (58, 58, 'FV/2024/058', 3, 2, 4754, 5847.42, '2026-01-03');
INSERT INTO Platnosc (PlatnoscID, ZamowienieID, NumerFaktury, TypPlatnosciID, StatusPlatnosciID, KwotaNetto, KwotaBrutto, DataPlatnosci) VALUES (59, 59, 'FV/2024/059', 3, 1, 6508, 8004.84, '2026-01-19');
INSERT INTO Platnosc (PlatnoscID, ZamowienieID, NumerFaktury, TypPlatnosciID, StatusPlatnosciID, KwotaNetto, KwotaBrutto, DataPlatnosci) VALUES (60, 60, 'FV/2024/060', 5, 1, 9751, 11993.73, '2026-01-07');
INSERT INTO Platnosc (PlatnoscID, ZamowienieID, NumerFaktury, TypPlatnosciID, StatusPlatnosciID, KwotaNetto, KwotaBrutto, DataPlatnosci) VALUES (61, 61, 'FV/2024/061', 4, 1, 6939, 8534.97, '2026-01-15');
INSERT INTO Platnosc (PlatnoscID, ZamowienieID, NumerFaktury, TypPlatnosciID, StatusPlatnosciID, KwotaNetto, KwotaBrutto, DataPlatnosci) VALUES (62, 62, 'FV/2025/062', 5, 1, 2313, 2844.99, '2026-01-04');
INSERT INTO Platnosc (PlatnoscID, ZamowienieID, NumerFaktury, TypPlatnosciID, StatusPlatnosciID, KwotaNetto, KwotaBrutto, DataPlatnosci) VALUES (63, 63, 'FV/2025/063', 5, 1, 1043, 1282.89, '2025-12-30');
INSERT INTO Platnosc (PlatnoscID, ZamowienieID, NumerFaktury, TypPlatnosciID, StatusPlatnosciID, KwotaNetto, KwotaBrutto, DataPlatnosci) VALUES (64, 64, 'FV/2024/064', 2, 2, 2875, 3536.25, '2026-01-26');
INSERT INTO Platnosc (PlatnoscID, ZamowienieID, NumerFaktury, TypPlatnosciID, StatusPlatnosciID, KwotaNetto, KwotaBrutto, DataPlatnosci) VALUES (65, 65, 'FV/2024/065', 2, 1, 8953, 11012.19, '2025-12-29');
INSERT INTO Platnosc (PlatnoscID, ZamowienieID, NumerFaktury, TypPlatnosciID, StatusPlatnosciID, KwotaNetto, KwotaBrutto, DataPlatnosci) VALUES (66, 66, 'FV/2025/066', 1, 1, 6383, 7851.09, '2026-01-19');
INSERT INTO Platnosc (PlatnoscID, ZamowienieID, NumerFaktury, TypPlatnosciID, StatusPlatnosciID, KwotaNetto, KwotaBrutto, DataPlatnosci) VALUES (67, 67, 'FV/2024/067', 4, 1, 2662, 3274.26, '2026-01-12');
INSERT INTO Platnosc (PlatnoscID, ZamowienieID, NumerFaktury, TypPlatnosciID, StatusPlatnosciID, KwotaNetto, KwotaBrutto, DataPlatnosci) VALUES (68, 68, 'FV/2024/068', 4, 2, 7076, 8703.48, '2026-01-12');
INSERT INTO Platnosc (PlatnoscID, ZamowienieID, NumerFaktury, TypPlatnosciID, StatusPlatnosciID, KwotaNetto, KwotaBrutto, DataPlatnosci) VALUES (69, 69, 'FV/2024/069', 1, 2, 5944, 7311.12, '2026-01-04');
INSERT INTO Platnosc (PlatnoscID, ZamowienieID, NumerFaktury, TypPlatnosciID, StatusPlatnosciID, KwotaNetto, KwotaBrutto, DataPlatnosci) VALUES (70, 70, 'FV/2025/070', 3, 2, 9403, 11565.69, '2026-01-12');
INSERT INTO Platnosc (PlatnoscID, ZamowienieID, NumerFaktury, TypPlatnosciID, StatusPlatnosciID, KwotaNetto, KwotaBrutto, DataPlatnosci) VALUES (71, 71, 'FV/2025/071', 2, 2, 5429, 6677.67, '2026-01-14');
INSERT INTO Platnosc (PlatnoscID, ZamowienieID, NumerFaktury, TypPlatnosciID, StatusPlatnosciID, KwotaNetto, KwotaBrutto, DataPlatnosci) VALUES (72, 72, 'FV/2024/072', 2, 1, 8126, 9994.98, '2025-12-31');
INSERT INTO Platnosc (PlatnoscID, ZamowienieID, NumerFaktury, TypPlatnosciID, StatusPlatnosciID, KwotaNetto, KwotaBrutto, DataPlatnosci) VALUES (73, 73, 'FV/2024/073', 2, 2, 3579, 4402.17, '2026-01-12');
INSERT INTO Platnosc (PlatnoscID, ZamowienieID, NumerFaktury, TypPlatnosciID, StatusPlatnosciID, KwotaNetto, KwotaBrutto, DataPlatnosci) VALUES (74, 74, 'FV/2024/074', 1, 2, 4360, 5362.8, '2026-01-16');
INSERT INTO Platnosc (PlatnoscID, ZamowienieID, NumerFaktury, TypPlatnosciID, StatusPlatnosciID, KwotaNetto, KwotaBrutto, DataPlatnosci) VALUES (75, 75, 'FV/2025/075', 5, 1, 5174, 6364.02, '2026-01-20');
INSERT INTO Platnosc (PlatnoscID, ZamowienieID, NumerFaktury, TypPlatnosciID, StatusPlatnosciID, KwotaNetto, KwotaBrutto, DataPlatnosci) VALUES (76, 76, 'FV/2025/076', 2, 1, 7611, 9361.53, '2026-01-21');
INSERT INTO Platnosc (PlatnoscID, ZamowienieID, NumerFaktury, TypPlatnosciID, StatusPlatnosciID, KwotaNetto, KwotaBrutto, DataPlatnosci) VALUES (77, 77, 'FV/2024/077', 2, 2, 3927, 4830.21, '2026-01-11');
INSERT INTO Platnosc (PlatnoscID, ZamowienieID, NumerFaktury, TypPlatnosciID, StatusPlatnosciID, KwotaNetto, KwotaBrutto, DataPlatnosci) VALUES (78, 78, 'FV/2024/078', 3, 1, 8730, 10737.9, '2026-01-16');
INSERT INTO Platnosc (PlatnoscID, ZamowienieID, NumerFaktury, TypPlatnosciID, StatusPlatnosciID, KwotaNetto, KwotaBrutto, DataPlatnosci) VALUES (79, 79, 'FV/2024/079', 2, 2, 5310, 6531.3, '2026-01-15');
INSERT INTO Platnosc (PlatnoscID, ZamowienieID, NumerFaktury, TypPlatnosciID, StatusPlatnosciID, KwotaNetto, KwotaBrutto, DataPlatnosci) VALUES (80, 80, 'FV/2025/080', 1, 1, 3522, 4332.06, '2026-01-04');
INSERT INTO Platnosc (PlatnoscID, ZamowienieID, NumerFaktury, TypPlatnosciID, StatusPlatnosciID, KwotaNetto, KwotaBrutto, DataPlatnosci) VALUES (81, 81, 'FV/2024/081', 1, 1, 3887, 4781.01, '2026-01-04');
INSERT INTO Platnosc (PlatnoscID, ZamowienieID, NumerFaktury, TypPlatnosciID, StatusPlatnosciID, KwotaNetto, KwotaBrutto, DataPlatnosci) VALUES (82, 82, 'FV/2025/082', 5, 2, 1246, 1532.58, '2026-01-16');
INSERT INTO Platnosc (PlatnoscID, ZamowienieID, NumerFaktury, TypPlatnosciID, StatusPlatnosciID, KwotaNetto, KwotaBrutto, DataPlatnosci) VALUES (83, 83, 'FV/2024/083', 4, 1, 4316, 5308.68, '2025-12-29');
INSERT INTO Platnosc (PlatnoscID, ZamowienieID, NumerFaktury, TypPlatnosciID, StatusPlatnosciID, KwotaNetto, KwotaBrutto, DataPlatnosci) VALUES (84, 84, 'FV/2025/084', 1, 2, 1564, 1923.72, '2026-01-18');
INSERT INTO Platnosc (PlatnoscID, ZamowienieID, NumerFaktury, TypPlatnosciID, StatusPlatnosciID, KwotaNetto, KwotaBrutto, DataPlatnosci) VALUES (85, 85, 'FV/2024/085', 1, 1, 9024, 11099.52, '2026-01-24');
INSERT INTO Platnosc (PlatnoscID, ZamowienieID, NumerFaktury, TypPlatnosciID, StatusPlatnosciID, KwotaNetto, KwotaBrutto, DataPlatnosci) VALUES (86, 86, 'FV/2025/086', 3, 2, 7704, 9475.92, '2026-01-19');
INSERT INTO Platnosc (PlatnoscID, ZamowienieID, NumerFaktury, TypPlatnosciID, StatusPlatnosciID, KwotaNetto, KwotaBrutto, DataPlatnosci) VALUES (87, 87, 'FV/2024/087', 5, 2, 6157, 7573.11, '2026-01-18');
INSERT INTO Platnosc (PlatnoscID, ZamowienieID, NumerFaktury, TypPlatnosciID, StatusPlatnosciID, KwotaNetto, KwotaBrutto, DataPlatnosci) VALUES (88, 88, 'FV/2024/088', 4, 1, 9965, 12256.95, '2026-01-20');
INSERT INTO Platnosc (PlatnoscID, ZamowienieID, NumerFaktury, TypPlatnosciID, StatusPlatnosciID, KwotaNetto, KwotaBrutto, DataPlatnosci) VALUES (89, 89, 'FV/2024/089', 2, 1, 7399, 9100.77, '2026-01-12');
INSERT INTO Platnosc (PlatnoscID, ZamowienieID, NumerFaktury, TypPlatnosciID, StatusPlatnosciID, KwotaNetto, KwotaBrutto, DataPlatnosci) VALUES (90, 90, 'FV/2025/090', 1, 2, 2052, 2523.96, '2026-01-17');
INSERT INTO Platnosc (PlatnoscID, ZamowienieID, NumerFaktury, TypPlatnosciID, StatusPlatnosciID, KwotaNetto, KwotaBrutto, DataPlatnosci) VALUES (91, 91, 'FV/2024/091', 1, 1, 3262, 4012.26, '2026-01-21');
INSERT INTO Platnosc (PlatnoscID, ZamowienieID, NumerFaktury, TypPlatnosciID, StatusPlatnosciID, KwotaNetto, KwotaBrutto, DataPlatnosci) VALUES (92, 92, 'FV/2024/092', 4, 1, 4104, 5047.92, '2026-01-17');
INSERT INTO Platnosc (PlatnoscID, ZamowienieID, NumerFaktury, TypPlatnosciID, StatusPlatnosciID, KwotaNetto, KwotaBrutto, DataPlatnosci) VALUES (93, 93, 'FV/2024/093', 2, 1, 6527, 8028.21, '2026-01-20');
INSERT INTO Platnosc (PlatnoscID, ZamowienieID, NumerFaktury, TypPlatnosciID, StatusPlatnosciID, KwotaNetto, KwotaBrutto, DataPlatnosci) VALUES (94, 94, 'FV/2024/094', 4, 1, 8131, 10001.13, '2026-01-02');
INSERT INTO Platnosc (PlatnoscID, ZamowienieID, NumerFaktury, TypPlatnosciID, StatusPlatnosciID, KwotaNetto, KwotaBrutto, DataPlatnosci) VALUES (95, 95, 'FV/2025/095', 5, 2, 7198, 8853.54, '2026-01-08');
INSERT INTO Platnosc (PlatnoscID, ZamowienieID, NumerFaktury, TypPlatnosciID, StatusPlatnosciID, KwotaNetto, KwotaBrutto, DataPlatnosci) VALUES (96, 96, 'FV/2024/096', 2, 2, 8774, 10792.02, '2025-12-31');
INSERT INTO Platnosc (PlatnoscID, ZamowienieID, NumerFaktury, TypPlatnosciID, StatusPlatnosciID, KwotaNetto, KwotaBrutto, DataPlatnosci) VALUES (97, 97, 'FV/2024/097', 4, 1, 8277, 10180.71, '2026-01-18');
INSERT INTO Platnosc (PlatnoscID, ZamowienieID, NumerFaktury, TypPlatnosciID, StatusPlatnosciID, KwotaNetto, KwotaBrutto, DataPlatnosci) VALUES (98, 98, 'FV/2025/098', 5, 1, 7157, 8803.11, '2026-01-02');
INSERT INTO Platnosc (PlatnoscID, ZamowienieID, NumerFaktury, TypPlatnosciID, StatusPlatnosciID, KwotaNetto, KwotaBrutto, DataPlatnosci) VALUES (99, 99, 'FV/2024/099', 2, 1, 2385, 2933.55, '2026-01-08');
INSERT INTO Platnosc (PlatnoscID, ZamowienieID, NumerFaktury, TypPlatnosciID, StatusPlatnosciID, KwotaNetto, KwotaBrutto, DataPlatnosci) VALUES (100, 100, 'FV/2024/100', 5, 1, 7721, 9496.83, '2026-01-10');
SET IDENTITY_INSERT Platnosc OFF;
GO

SET IDENTITY_INSERT PozycjeZamowienia ON;
INSERT INTO PozycjeZamowienia (ProduktZamowienieID, ZamowienieID, ProduktID, Ilosc, StatusProdukcjiID, Cena, DataRozpoczecia, DataZakonczenia, Marza) VALUES (1, 52, 5, 3, 1, 2195, '2025-12-09', NULL, 223.48);
INSERT INTO PozycjeZamowienia (ProduktZamowienieID, ZamowienieID, ProduktID, Ilosc, StatusProdukcjiID, Cena, DataRozpoczecia, DataZakonczenia, Marza) VALUES (2, 9, 11, 2, 3, 766, '2025-12-20', NULL, 485.74);
INSERT INTO PozycjeZamowienia (ProduktZamowienieID, ZamowienieID, ProduktID, Ilosc, StatusProdukcjiID, Cena, DataRozpoczecia, DataZakonczenia, Marza) VALUES (3, 18, 16, 4, 2, 924, '2025-12-11', NULL, 182.87);
INSERT INTO PozycjeZamowienia (ProduktZamowienieID, ZamowienieID, ProduktID, Ilosc, StatusProdukcjiID, Cena, DataRozpoczecia, DataZakonczenia, Marza) VALUES (4, 97, 37, 1, 3, 997, '2025-12-02', NULL, 525.03);
INSERT INTO PozycjeZamowienia (ProduktZamowienieID, ZamowienieID, ProduktID, Ilosc, StatusProdukcjiID, Cena, DataRozpoczecia, DataZakonczenia, Marza) VALUES (5, 48, 23, 2, 6, 1066, '2025-12-17', NULL, 567.0);
INSERT INTO PozycjeZamowienia (ProduktZamowienieID, ZamowienieID, ProduktID, Ilosc, StatusProdukcjiID, Cena, DataRozpoczecia, DataZakonczenia, Marza) VALUES (6, 80, 10, 1, 7, 2476, '2025-12-12', '2025-12-17', 688.96);
INSERT INTO PozycjeZamowienia (ProduktZamowienieID, ZamowienieID, ProduktID, Ilosc, StatusProdukcjiID, Cena, DataRozpoczecia, DataZakonczenia, Marza) VALUES (7, 8, 38, 4, 6, 2461, '2025-12-29', NULL, 782.67);
INSERT INTO PozycjeZamowienia (ProduktZamowienieID, ZamowienieID, ProduktID, Ilosc, StatusProdukcjiID, Cena, DataRozpoczecia, DataZakonczenia, Marza) VALUES (8, 69, 4, 4, 4, 1460, '2025-11-30', NULL, 192.84);
INSERT INTO PozycjeZamowienia (ProduktZamowienieID, ZamowienieID, ProduktID, Ilosc, StatusProdukcjiID, Cena, DataRozpoczecia, DataZakonczenia, Marza) VALUES (9, 17, 32, 1, 3, 1553, '2025-12-09', NULL, 311.29);
INSERT INTO PozycjeZamowienia (ProduktZamowienieID, ZamowienieID, ProduktID, Ilosc, StatusProdukcjiID, Cena, DataRozpoczecia, DataZakonczenia, Marza) VALUES (10, 19, 5, 3, 2, 2426, '2025-12-26', NULL, 648.03);
INSERT INTO PozycjeZamowienia (ProduktZamowienieID, ZamowienieID, ProduktID, Ilosc, StatusProdukcjiID, Cena, DataRozpoczecia, DataZakonczenia, Marza) VALUES (11, 10, 16, 4, 6, 2614, '2025-12-13', NULL, 610.77);
INSERT INTO PozycjeZamowienia (ProduktZamowienieID, ZamowienieID, ProduktID, Ilosc, StatusProdukcjiID, Cena, DataRozpoczecia, DataZakonczenia, Marza) VALUES (12, 58, 34, 1, 6, 2447, '2025-12-20', NULL, 613.21);
INSERT INTO PozycjeZamowienia (ProduktZamowienieID, ZamowienieID, ProduktID, Ilosc, StatusProdukcjiID, Cena, DataRozpoczecia, DataZakonczenia, Marza) VALUES (13, 100, 16, 2, 6, 721, '2025-11-29', NULL, 367.9);
INSERT INTO PozycjeZamowienia (ProduktZamowienieID, ZamowienieID, ProduktID, Ilosc, StatusProdukcjiID, Cena, DataRozpoczecia, DataZakonczenia, Marza) VALUES (14, 80, 32, 2, 4, 1421, '2025-11-29', NULL, 393.63);
INSERT INTO PozycjeZamowienia (ProduktZamowienieID, ZamowienieID, ProduktID, Ilosc, StatusProdukcjiID, Cena, DataRozpoczecia, DataZakonczenia, Marza) VALUES (15, 99, 24, 4, 7, 1603, '2025-12-17', '2025-12-22', 528.24);
INSERT INTO PozycjeZamowienia (ProduktZamowienieID, ZamowienieID, ProduktID, Ilosc, StatusProdukcjiID, Cena, DataRozpoczecia, DataZakonczenia, Marza) VALUES (16, 2, 16, 2, 2, 1456, '2025-11-30', NULL, 590.98);
INSERT INTO PozycjeZamowienia (ProduktZamowienieID, ZamowienieID, ProduktID, Ilosc, StatusProdukcjiID, Cena, DataRozpoczecia, DataZakonczenia, Marza) VALUES (17, 56, 30, 1, 2, 2702, '2025-12-17', NULL, 529.41);
INSERT INTO PozycjeZamowienia (ProduktZamowienieID, ZamowienieID, ProduktID, Ilosc, StatusProdukcjiID, Cena, DataRozpoczecia, DataZakonczenia, Marza) VALUES (18, 52, 14, 1, 2, 1710, '2025-12-15', NULL, 279.84);
INSERT INTO PozycjeZamowienia (ProduktZamowienieID, ZamowienieID, ProduktID, Ilosc, StatusProdukcjiID, Cena, DataRozpoczecia, DataZakonczenia, Marza) VALUES (19, 38, 35, 2, 3, 2597, '2025-12-18', NULL, 252.39);
INSERT INTO PozycjeZamowienia (ProduktZamowienieID, ZamowienieID, ProduktID, Ilosc, StatusProdukcjiID, Cena, DataRozpoczecia, DataZakonczenia, Marza) VALUES (20, 84, 14, 1, 7, 1115, '2025-12-24', '2025-12-29', 460.18);
INSERT INTO PozycjeZamowienia (ProduktZamowienieID, ZamowienieID, ProduktID, Ilosc, StatusProdukcjiID, Cena, DataRozpoczecia, DataZakonczenia, Marza) VALUES (21, 10, 22, 4, 1, 1366, '2025-12-11', NULL, 262.52);
INSERT INTO PozycjeZamowienia (ProduktZamowienieID, ZamowienieID, ProduktID, Ilosc, StatusProdukcjiID, Cena, DataRozpoczecia, DataZakonczenia, Marza) VALUES (22, 36, 9, 3, 6, 2699, '2025-12-05', NULL, 303.77);
INSERT INTO PozycjeZamowienia (ProduktZamowienieID, ZamowienieID, ProduktID, Ilosc, StatusProdukcjiID, Cena, DataRozpoczecia, DataZakonczenia, Marza) VALUES (23, 58, 9, 2, 6, 1672, '2025-12-27', NULL, 365.02);
INSERT INTO PozycjeZamowienia (ProduktZamowienieID, ZamowienieID, ProduktID, Ilosc, StatusProdukcjiID, Cena, DataRozpoczecia, DataZakonczenia, Marza) VALUES (24, 5, 31, 4, 5, 2695, '2025-12-14', NULL, 731.87);
INSERT INTO PozycjeZamowienia (ProduktZamowienieID, ZamowienieID, ProduktID, Ilosc, StatusProdukcjiID, Cena, DataRozpoczecia, DataZakonczenia, Marza) VALUES (25, 1, 25, 3, 1, 1218, '2025-12-25', NULL, 391.64);
INSERT INTO PozycjeZamowienia (ProduktZamowienieID, ZamowienieID, ProduktID, Ilosc, StatusProdukcjiID, Cena, DataRozpoczecia, DataZakonczenia, Marza) VALUES (26, 40, 2, 4, 2, 1078, '2025-12-03', NULL, 694.81);
INSERT INTO PozycjeZamowienia (ProduktZamowienieID, ZamowienieID, ProduktID, Ilosc, StatusProdukcjiID, Cena, DataRozpoczecia, DataZakonczenia, Marza) VALUES (27, 72, 37, 1, 5, 666, '2025-12-29', NULL, 551.3);
INSERT INTO PozycjeZamowienia (ProduktZamowienieID, ZamowienieID, ProduktID, Ilosc, StatusProdukcjiID, Cena, DataRozpoczecia, DataZakonczenia, Marza) VALUES (28, 100, 6, 3, 6, 2149, '2025-12-22', NULL, 203.13);
INSERT INTO PozycjeZamowienia (ProduktZamowienieID, ZamowienieID, ProduktID, Ilosc, StatusProdukcjiID, Cena, DataRozpoczecia, DataZakonczenia, Marza) VALUES (29, 44, 2, 1, 5, 1329, '2025-12-27', NULL, 353.64);
INSERT INTO PozycjeZamowienia (ProduktZamowienieID, ZamowienieID, ProduktID, Ilosc, StatusProdukcjiID, Cena, DataRozpoczecia, DataZakonczenia, Marza) VALUES (30, 45, 6, 2, 2, 1255, '2025-12-27', NULL, 751.95);
INSERT INTO PozycjeZamowienia (ProduktZamowienieID, ZamowienieID, ProduktID, Ilosc, StatusProdukcjiID, Cena, DataRozpoczecia, DataZakonczenia, Marza) VALUES (31, 38, 33, 1, 3, 2487, '2025-12-14', NULL, 316.1);
INSERT INTO PozycjeZamowienia (ProduktZamowienieID, ZamowienieID, ProduktID, Ilosc, StatusProdukcjiID, Cena, DataRozpoczecia, DataZakonczenia, Marza) VALUES (32, 90, 28, 2, 7, 1521, '2025-12-07', '2025-12-12', 229.51);
INSERT INTO PozycjeZamowienia (ProduktZamowienieID, ZamowienieID, ProduktID, Ilosc, StatusProdukcjiID, Cena, DataRozpoczecia, DataZakonczenia, Marza) VALUES (33, 48, 9, 2, 1, 1488, '2025-11-30', NULL, 631.41);
INSERT INTO PozycjeZamowienia (ProduktZamowienieID, ZamowienieID, ProduktID, Ilosc, StatusProdukcjiID, Cena, DataRozpoczecia, DataZakonczenia, Marza) VALUES (34, 100, 31, 4, 1, 1785, '2025-12-28', NULL, 505.65);
INSERT INTO PozycjeZamowienia (ProduktZamowienieID, ZamowienieID, ProduktID, Ilosc, StatusProdukcjiID, Cena, DataRozpoczecia, DataZakonczenia, Marza) VALUES (35, 56, 27, 3, 1, 2709, '2025-12-03', NULL, 433.27);
INSERT INTO PozycjeZamowienia (ProduktZamowienieID, ZamowienieID, ProduktID, Ilosc, StatusProdukcjiID, Cena, DataRozpoczecia, DataZakonczenia, Marza) VALUES (36, 9, 16, 3, 6, 853, '2025-12-21', NULL, 677.24);
INSERT INTO PozycjeZamowienia (ProduktZamowienieID, ZamowienieID, ProduktID, Ilosc, StatusProdukcjiID, Cena, DataRozpoczecia, DataZakonczenia, Marza) VALUES (37, 100, 20, 2, 2, 1346, '2025-11-29', NULL, 569.72);
INSERT INTO PozycjeZamowienia (ProduktZamowienieID, ZamowienieID, ProduktID, Ilosc, StatusProdukcjiID, Cena, DataRozpoczecia, DataZakonczenia, Marza) VALUES (38, 15, 14, 1, 6, 2186, '2025-12-22', NULL, 670.55);
INSERT INTO PozycjeZamowienia (ProduktZamowienieID, ZamowienieID, ProduktID, Ilosc, StatusProdukcjiID, Cena, DataRozpoczecia, DataZakonczenia, Marza) VALUES (39, 73, 32, 1, 1, 1602, '2025-12-03', NULL, 727.11);
INSERT INTO PozycjeZamowienia (ProduktZamowienieID, ZamowienieID, ProduktID, Ilosc, StatusProdukcjiID, Cena, DataRozpoczecia, DataZakonczenia, Marza) VALUES (40, 100, 29, 1, 4, 2991, '2025-12-23', NULL, 494.41);
INSERT INTO PozycjeZamowienia (ProduktZamowienieID, ZamowienieID, ProduktID, Ilosc, StatusProdukcjiID, Cena, DataRozpoczecia, DataZakonczenia, Marza) VALUES (41, 71, 21, 1, 4, 2967, '2025-12-05', NULL, 482.13);
INSERT INTO PozycjeZamowienia (ProduktZamowienieID, ZamowienieID, ProduktID, Ilosc, StatusProdukcjiID, Cena, DataRozpoczecia, DataZakonczenia, Marza) VALUES (42, 56, 2, 4, 5, 649, '2025-12-22', NULL, 671.0);
INSERT INTO PozycjeZamowienia (ProduktZamowienieID, ZamowienieID, ProduktID, Ilosc, StatusProdukcjiID, Cena, DataRozpoczecia, DataZakonczenia, Marza) VALUES (43, 60, 8, 4, 1, 1735, '2025-12-22', NULL, 662.96);
INSERT INTO PozycjeZamowienia (ProduktZamowienieID, ZamowienieID, ProduktID, Ilosc, StatusProdukcjiID, Cena, DataRozpoczecia, DataZakonczenia, Marza) VALUES (44, 25, 23, 2, 2, 2543, '2025-12-14', NULL, 425.67);
INSERT INTO PozycjeZamowienia (ProduktZamowienieID, ZamowienieID, ProduktID, Ilosc, StatusProdukcjiID, Cena, DataRozpoczecia, DataZakonczenia, Marza) VALUES (45, 67, 14, 1, 7, 2166, '2025-12-10', '2025-12-15', 403.81);
INSERT INTO PozycjeZamowienia (ProduktZamowienieID, ZamowienieID, ProduktID, Ilosc, StatusProdukcjiID, Cena, DataRozpoczecia, DataZakonczenia, Marza) VALUES (46, 80, 21, 1, 5, 906, '2025-11-30', NULL, 795.17);
INSERT INTO PozycjeZamowienia (ProduktZamowienieID, ZamowienieID, ProduktID, Ilosc, StatusProdukcjiID, Cena, DataRozpoczecia, DataZakonczenia, Marza) VALUES (47, 52, 18, 4, 4, 2364, '2025-12-10', NULL, 674.18);
INSERT INTO PozycjeZamowienia (ProduktZamowienieID, ZamowienieID, ProduktID, Ilosc, StatusProdukcjiID, Cena, DataRozpoczecia, DataZakonczenia, Marza) VALUES (48, 63, 20, 4, 5, 2439, '2025-12-03', NULL, 768.51);
INSERT INTO PozycjeZamowienia (ProduktZamowienieID, ZamowienieID, ProduktID, Ilosc, StatusProdukcjiID, Cena, DataRozpoczecia, DataZakonczenia, Marza) VALUES (49, 78, 16, 2, 6, 1096, '2025-12-20', NULL, 279.69);
INSERT INTO PozycjeZamowienia (ProduktZamowienieID, ZamowienieID, ProduktID, Ilosc, StatusProdukcjiID, Cena, DataRozpoczecia, DataZakonczenia, Marza) VALUES (50, 21, 1, 2, 2, 1532, '2025-12-03', NULL, 778.06);
INSERT INTO PozycjeZamowienia (ProduktZamowienieID, ZamowienieID, ProduktID, Ilosc, StatusProdukcjiID, Cena, DataRozpoczecia, DataZakonczenia, Marza) VALUES (51, 53, 5, 4, 6, 2763, '2025-12-13', NULL, 244.08);
INSERT INTO PozycjeZamowienia (ProduktZamowienieID, ZamowienieID, ProduktID, Ilosc, StatusProdukcjiID, Cena, DataRozpoczecia, DataZakonczenia, Marza) VALUES (52, 25, 20, 3, 4, 1146, '2025-12-20', NULL, 580.32);
INSERT INTO PozycjeZamowienia (ProduktZamowienieID, ZamowienieID, ProduktID, Ilosc, StatusProdukcjiID, Cena, DataRozpoczecia, DataZakonczenia, Marza) VALUES (53, 64, 25, 3, 1, 2494, '2025-12-25', NULL, 238.88);
INSERT INTO PozycjeZamowienia (ProduktZamowienieID, ZamowienieID, ProduktID, Ilosc, StatusProdukcjiID, Cena, DataRozpoczecia, DataZakonczenia, Marza) VALUES (54, 19, 25, 3, 2, 600, '2025-12-05', NULL, 210.13);
INSERT INTO PozycjeZamowienia (ProduktZamowienieID, ZamowienieID, ProduktID, Ilosc, StatusProdukcjiID, Cena, DataRozpoczecia, DataZakonczenia, Marza) VALUES (55, 10, 12, 4, 6, 734, '2025-12-16', NULL, 567.92);
INSERT INTO PozycjeZamowienia (ProduktZamowienieID, ZamowienieID, ProduktID, Ilosc, StatusProdukcjiID, Cena, DataRozpoczecia, DataZakonczenia, Marza) VALUES (56, 99, 1, 1, 6, 1594, '2025-12-20', NULL, 359.73);
INSERT INTO PozycjeZamowienia (ProduktZamowienieID, ZamowienieID, ProduktID, Ilosc, StatusProdukcjiID, Cena, DataRozpoczecia, DataZakonczenia, Marza) VALUES (57, 1, 5, 4, 5, 1338, '2025-12-19', NULL, 690.31);
INSERT INTO PozycjeZamowienia (ProduktZamowienieID, ZamowienieID, ProduktID, Ilosc, StatusProdukcjiID, Cena, DataRozpoczecia, DataZakonczenia, Marza) VALUES (58, 38, 27, 4, 7, 1038, '2025-12-11', '2025-12-16', 533.48);
INSERT INTO PozycjeZamowienia (ProduktZamowienieID, ZamowienieID, ProduktID, Ilosc, StatusProdukcjiID, Cena, DataRozpoczecia, DataZakonczenia, Marza) VALUES (59, 58, 12, 3, 2, 2410, '2025-12-20', NULL, 334.56);
INSERT INTO PozycjeZamowienia (ProduktZamowienieID, ZamowienieID, ProduktID, Ilosc, StatusProdukcjiID, Cena, DataRozpoczecia, DataZakonczenia, Marza) VALUES (60, 70, 2, 3, 1, 2155, '2025-12-09', NULL, 748.56);
INSERT INTO PozycjeZamowienia (ProduktZamowienieID, ZamowienieID, ProduktID, Ilosc, StatusProdukcjiID, Cena, DataRozpoczecia, DataZakonczenia, Marza) VALUES (61, 20, 3, 1, 6, 2370, '2025-12-04', NULL, 150.5);
INSERT INTO PozycjeZamowienia (ProduktZamowienieID, ZamowienieID, ProduktID, Ilosc, StatusProdukcjiID, Cena, DataRozpoczecia, DataZakonczenia, Marza) VALUES (62, 51, 35, 1, 7, 1270, '2025-12-12', '2025-12-17', 504.16);
INSERT INTO PozycjeZamowienia (ProduktZamowienieID, ZamowienieID, ProduktID, Ilosc, StatusProdukcjiID, Cena, DataRozpoczecia, DataZakonczenia, Marza) VALUES (63, 58, 1, 1, 6, 959, '2025-12-04', NULL, 661.28);
INSERT INTO PozycjeZamowienia (ProduktZamowienieID, ZamowienieID, ProduktID, Ilosc, StatusProdukcjiID, Cena, DataRozpoczecia, DataZakonczenia, Marza) VALUES (64, 8, 40, 2, 5, 1083, '2025-12-28', NULL, 346.31);
INSERT INTO PozycjeZamowienia (ProduktZamowienieID, ZamowienieID, ProduktID, Ilosc, StatusProdukcjiID, Cena, DataRozpoczecia, DataZakonczenia, Marza) VALUES (65, 63, 18, 4, 3, 2280, '2025-12-28', NULL, 230.89);
INSERT INTO PozycjeZamowienia (ProduktZamowienieID, ZamowienieID, ProduktID, Ilosc, StatusProdukcjiID, Cena, DataRozpoczecia, DataZakonczenia, Marza) VALUES (66, 61, 10, 3, 6, 2886, '2025-12-03', NULL, 419.82);
INSERT INTO PozycjeZamowienia (ProduktZamowienieID, ZamowienieID, ProduktID, Ilosc, StatusProdukcjiID, Cena, DataRozpoczecia, DataZakonczenia, Marza) VALUES (67, 31, 6, 2, 2, 2675, '2025-12-04', NULL, 250.91);
INSERT INTO PozycjeZamowienia (ProduktZamowienieID, ZamowienieID, ProduktID, Ilosc, StatusProdukcjiID, Cena, DataRozpoczecia, DataZakonczenia, Marza) VALUES (68, 8, 38, 4, 2, 824, '2025-12-16', NULL, 397.36);
INSERT INTO PozycjeZamowienia (ProduktZamowienieID, ZamowienieID, ProduktID, Ilosc, StatusProdukcjiID, Cena, DataRozpoczecia, DataZakonczenia, Marza) VALUES (69, 34, 11, 3, 7, 1603, '2025-12-09', '2025-12-14', 571.21);
INSERT INTO PozycjeZamowienia (ProduktZamowienieID, ZamowienieID, ProduktID, Ilosc, StatusProdukcjiID, Cena, DataRozpoczecia, DataZakonczenia, Marza) VALUES (70, 61, 38, 4, 4, 2633, '2025-12-21', NULL, 157.74);
INSERT INTO PozycjeZamowienia (ProduktZamowienieID, ZamowienieID, ProduktID, Ilosc, StatusProdukcjiID, Cena, DataRozpoczecia, DataZakonczenia, Marza) VALUES (71, 31, 20, 2, 6, 2404, '2025-12-05', NULL, 527.05);
INSERT INTO PozycjeZamowienia (ProduktZamowienieID, ZamowienieID, ProduktID, Ilosc, StatusProdukcjiID, Cena, DataRozpoczecia, DataZakonczenia, Marza) VALUES (72, 100, 8, 3, 2, 941, '2025-12-14', NULL, 525.39);
INSERT INTO PozycjeZamowienia (ProduktZamowienieID, ZamowienieID, ProduktID, Ilosc, StatusProdukcjiID, Cena, DataRozpoczecia, DataZakonczenia, Marza) VALUES (73, 24, 2, 4, 3, 2424, '2025-12-17', NULL, 431.72);
INSERT INTO PozycjeZamowienia (ProduktZamowienieID, ZamowienieID, ProduktID, Ilosc, StatusProdukcjiID, Cena, DataRozpoczecia, DataZakonczenia, Marza) VALUES (74, 57, 40, 4, 1, 2223, '2025-12-26', NULL, 783.64);
INSERT INTO PozycjeZamowienia (ProduktZamowienieID, ZamowienieID, ProduktID, Ilosc, StatusProdukcjiID, Cena, DataRozpoczecia, DataZakonczenia, Marza) VALUES (75, 15, 19, 3, 2, 1598, '2025-12-06', NULL, 258.39);
INSERT INTO PozycjeZamowienia (ProduktZamowienieID, ZamowienieID, ProduktID, Ilosc, StatusProdukcjiID, Cena, DataRozpoczecia, DataZakonczenia, Marza) VALUES (76, 2, 38, 3, 5, 2174, '2025-12-03', NULL, 189.82);
INSERT INTO PozycjeZamowienia (ProduktZamowienieID, ZamowienieID, ProduktID, Ilosc, StatusProdukcjiID, Cena, DataRozpoczecia, DataZakonczenia, Marza) VALUES (77, 29, 39, 4, 5, 2778, '2025-12-27', NULL, 379.32);
INSERT INTO PozycjeZamowienia (ProduktZamowienieID, ZamowienieID, ProduktID, Ilosc, StatusProdukcjiID, Cena, DataRozpoczecia, DataZakonczenia, Marza) VALUES (78, 8, 21, 4, 6, 1252, '2025-12-03', NULL, 494.0);
INSERT INTO PozycjeZamowienia (ProduktZamowienieID, ZamowienieID, ProduktID, Ilosc, StatusProdukcjiID, Cena, DataRozpoczecia, DataZakonczenia, Marza) VALUES (79, 96, 19, 4, 4, 624, '2025-12-26', NULL, 184.3);
INSERT INTO PozycjeZamowienia (ProduktZamowienieID, ZamowienieID, ProduktID, Ilosc, StatusProdukcjiID, Cena, DataRozpoczecia, DataZakonczenia, Marza) VALUES (80, 16, 39, 3, 2, 2722, '2025-12-20', NULL, 659.95);
INSERT INTO PozycjeZamowienia (ProduktZamowienieID, ZamowienieID, ProduktID, Ilosc, StatusProdukcjiID, Cena, DataRozpoczecia, DataZakonczenia, Marza) VALUES (81, 70, 3, 1, 4, 2956, '2025-12-07', NULL, 721.64);
INSERT INTO PozycjeZamowienia (ProduktZamowienieID, ZamowienieID, ProduktID, Ilosc, StatusProdukcjiID, Cena, DataRozpoczecia, DataZakonczenia, Marza) VALUES (82, 100, 40, 1, 5, 2250, '2025-12-25', NULL, 271.4);
INSERT INTO PozycjeZamowienia (ProduktZamowienieID, ZamowienieID, ProduktID, Ilosc, StatusProdukcjiID, Cena, DataRozpoczecia, DataZakonczenia, Marza) VALUES (83, 79, 38, 1, 4, 2295, '2025-12-27', NULL, 597.14);
INSERT INTO PozycjeZamowienia (ProduktZamowienieID, ZamowienieID, ProduktID, Ilosc, StatusProdukcjiID, Cena, DataRozpoczecia, DataZakonczenia, Marza) VALUES (84, 62, 4, 1, 4, 1616, '2025-12-13', NULL, 789.11);
INSERT INTO PozycjeZamowienia (ProduktZamowienieID, ZamowienieID, ProduktID, Ilosc, StatusProdukcjiID, Cena, DataRozpoczecia, DataZakonczenia, Marza) VALUES (85, 73, 29, 2, 3, 1332, '2025-11-30', NULL, 410.25);
INSERT INTO PozycjeZamowienia (ProduktZamowienieID, ZamowienieID, ProduktID, Ilosc, StatusProdukcjiID, Cena, DataRozpoczecia, DataZakonczenia, Marza) VALUES (86, 52, 36, 4, 5, 1178, '2025-12-13', NULL, 162.87);
INSERT INTO PozycjeZamowienia (ProduktZamowienieID, ZamowienieID, ProduktID, Ilosc, StatusProdukcjiID, Cena, DataRozpoczecia, DataZakonczenia, Marza) VALUES (87, 84, 33, 3, 3, 2467, '2025-12-13', NULL, 471.93);
INSERT INTO PozycjeZamowienia (ProduktZamowienieID, ZamowienieID, ProduktID, Ilosc, StatusProdukcjiID, Cena, DataRozpoczecia, DataZakonczenia, Marza) VALUES (88, 92, 26, 4, 3, 806, '2025-12-15', NULL, 240.13);
INSERT INTO PozycjeZamowienia (ProduktZamowienieID, ZamowienieID, ProduktID, Ilosc, StatusProdukcjiID, Cena, DataRozpoczecia, DataZakonczenia, Marza) VALUES (89, 87, 20, 4, 1, 2509, '2025-12-18', NULL, 246.73);
INSERT INTO PozycjeZamowienia (ProduktZamowienieID, ZamowienieID, ProduktID, Ilosc, StatusProdukcjiID, Cena, DataRozpoczecia, DataZakonczenia, Marza) VALUES (90, 12, 17, 3, 2, 2045, '2025-12-27', NULL, 627.17);
INSERT INTO PozycjeZamowienia (ProduktZamowienieID, ZamowienieID, ProduktID, Ilosc, StatusProdukcjiID, Cena, DataRozpoczecia, DataZakonczenia, Marza) VALUES (91, 100, 23, 2, 3, 1168, '2025-12-19', NULL, 507.17);
INSERT INTO PozycjeZamowienia (ProduktZamowienieID, ZamowienieID, ProduktID, Ilosc, StatusProdukcjiID, Cena, DataRozpoczecia, DataZakonczenia, Marza) VALUES (92, 53, 24, 2, 2, 2776, '2025-12-09', NULL, 180.43);
INSERT INTO PozycjeZamowienia (ProduktZamowienieID, ZamowienieID, ProduktID, Ilosc, StatusProdukcjiID, Cena, DataRozpoczecia, DataZakonczenia, Marza) VALUES (93, 42, 14, 2, 1, 1919, '2025-12-21', NULL, 384.41);
INSERT INTO PozycjeZamowienia (ProduktZamowienieID, ZamowienieID, ProduktID, Ilosc, StatusProdukcjiID, Cena, DataRozpoczecia, DataZakonczenia, Marza) VALUES (94, 88, 39, 2, 4, 984, '2025-12-23', NULL, 581.98);
INSERT INTO PozycjeZamowienia (ProduktZamowienieID, ZamowienieID, ProduktID, Ilosc, StatusProdukcjiID, Cena, DataRozpoczecia, DataZakonczenia, Marza) VALUES (95, 54, 9, 3, 3, 799, '2025-12-19', NULL, 485.66);
INSERT INTO PozycjeZamowienia (ProduktZamowienieID, ZamowienieID, ProduktID, Ilosc, StatusProdukcjiID, Cena, DataRozpoczecia, DataZakonczenia, Marza) VALUES (96, 26, 21, 4, 3, 1922, '2025-12-10', NULL, 541.21);
INSERT INTO PozycjeZamowienia (ProduktZamowienieID, ZamowienieID, ProduktID, Ilosc, StatusProdukcjiID, Cena, DataRozpoczecia, DataZakonczenia, Marza) VALUES (97, 54, 20, 1, 5, 2580, '2025-12-18', NULL, 198.34);
INSERT INTO PozycjeZamowienia (ProduktZamowienieID, ZamowienieID, ProduktID, Ilosc, StatusProdukcjiID, Cena, DataRozpoczecia, DataZakonczenia, Marza) VALUES (98, 10, 32, 1, 6, 2515, '2025-11-30', NULL, 433.07);
INSERT INTO PozycjeZamowienia (ProduktZamowienieID, ZamowienieID, ProduktID, Ilosc, StatusProdukcjiID, Cena, DataRozpoczecia, DataZakonczenia, Marza) VALUES (99, 54, 30, 3, 6, 2888, '2025-12-07', NULL, 585.31);
INSERT INTO PozycjeZamowienia (ProduktZamowienieID, ZamowienieID, ProduktID, Ilosc, StatusProdukcjiID, Cena, DataRozpoczecia, DataZakonczenia, Marza) VALUES (100, 27, 2, 2, 6, 842, '2025-12-23', NULL, 666.32);
INSERT INTO PozycjeZamowienia (ProduktZamowienieID, ZamowienieID, ProduktID, Ilosc, StatusProdukcjiID, Cena, DataRozpoczecia, DataZakonczenia, Marza) VALUES (101, 50, 19, 1, 3, 2582, '2025-12-21', NULL, 181.91);
INSERT INTO PozycjeZamowienia (ProduktZamowienieID, ZamowienieID, ProduktID, Ilosc, StatusProdukcjiID, Cena, DataRozpoczecia, DataZakonczenia, Marza) VALUES (102, 38, 4, 1, 1, 2946, '2025-12-14', NULL, 715.56);
INSERT INTO PozycjeZamowienia (ProduktZamowienieID, ZamowienieID, ProduktID, Ilosc, StatusProdukcjiID, Cena, DataRozpoczecia, DataZakonczenia, Marza) VALUES (103, 74, 19, 2, 7, 2985, '2025-12-15', '2025-12-20', 258.0);
INSERT INTO PozycjeZamowienia (ProduktZamowienieID, ZamowienieID, ProduktID, Ilosc, StatusProdukcjiID, Cena, DataRozpoczecia, DataZakonczenia, Marza) VALUES (104, 47, 19, 2, 7, 2598, '2025-12-26', '2025-12-31', 652.96);
INSERT INTO PozycjeZamowienia (ProduktZamowienieID, ZamowienieID, ProduktID, Ilosc, StatusProdukcjiID, Cena, DataRozpoczecia, DataZakonczenia, Marza) VALUES (105, 11, 8, 4, 7, 2050, '2025-12-16', '2025-12-21', 314.74);
INSERT INTO PozycjeZamowienia (ProduktZamowienieID, ZamowienieID, ProduktID, Ilosc, StatusProdukcjiID, Cena, DataRozpoczecia, DataZakonczenia, Marza) VALUES (106, 56, 20, 4, 5, 2503, '2025-12-29', NULL, 613.18);
INSERT INTO PozycjeZamowienia (ProduktZamowienieID, ZamowienieID, ProduktID, Ilosc, StatusProdukcjiID, Cena, DataRozpoczecia, DataZakonczenia, Marza) VALUES (107, 98, 36, 3, 7, 987, '2025-12-03', '2025-12-08', 211.98);
INSERT INTO PozycjeZamowienia (ProduktZamowienieID, ZamowienieID, ProduktID, Ilosc, StatusProdukcjiID, Cena, DataRozpoczecia, DataZakonczenia, Marza) VALUES (108, 83, 24, 1, 6, 603, '2025-12-06', NULL, 721.9);
INSERT INTO PozycjeZamowienia (ProduktZamowienieID, ZamowienieID, ProduktID, Ilosc, StatusProdukcjiID, Cena, DataRozpoczecia, DataZakonczenia, Marza) VALUES (109, 37, 12, 2, 7, 2205, '2025-12-04', '2025-12-09', 199.12);
INSERT INTO PozycjeZamowienia (ProduktZamowienieID, ZamowienieID, ProduktID, Ilosc, StatusProdukcjiID, Cena, DataRozpoczecia, DataZakonczenia, Marza) VALUES (110, 45, 9, 2, 4, 2598, '2025-12-26', NULL, 393.63);
INSERT INTO PozycjeZamowienia (ProduktZamowienieID, ZamowienieID, ProduktID, Ilosc, StatusProdukcjiID, Cena, DataRozpoczecia, DataZakonczenia, Marza) VALUES (111, 79, 38, 1, 6, 1503, '2025-12-13', NULL, 515.91);
INSERT INTO PozycjeZamowienia (ProduktZamowienieID, ZamowienieID, ProduktID, Ilosc, StatusProdukcjiID, Cena, DataRozpoczecia, DataZakonczenia, Marza) VALUES (112, 35, 35, 4, 6, 2747, '2025-12-25', NULL, 642.18);
INSERT INTO PozycjeZamowienia (ProduktZamowienieID, ZamowienieID, ProduktID, Ilosc, StatusProdukcjiID, Cena, DataRozpoczecia, DataZakonczenia, Marza) VALUES (113, 32, 23, 4, 4, 1184, '2025-12-07', NULL, 319.37);
INSERT INTO PozycjeZamowienia (ProduktZamowienieID, ZamowienieID, ProduktID, Ilosc, StatusProdukcjiID, Cena, DataRozpoczecia, DataZakonczenia, Marza) VALUES (114, 3, 36, 2, 2, 1464, '2025-12-23', NULL, 214.4);
INSERT INTO PozycjeZamowienia (ProduktZamowienieID, ZamowienieID, ProduktID, Ilosc, StatusProdukcjiID, Cena, DataRozpoczecia, DataZakonczenia, Marza) VALUES (115, 67, 21, 4, 7, 1589, '2025-12-24', '2025-12-29', 359.67);
INSERT INTO PozycjeZamowienia (ProduktZamowienieID, ZamowienieID, ProduktID, Ilosc, StatusProdukcjiID, Cena, DataRozpoczecia, DataZakonczenia, Marza) VALUES (116, 4, 38, 3, 2, 637, '2025-12-29', NULL, 776.71);
INSERT INTO PozycjeZamowienia (ProduktZamowienieID, ZamowienieID, ProduktID, Ilosc, StatusProdukcjiID, Cena, DataRozpoczecia, DataZakonczenia, Marza) VALUES (117, 2, 38, 3, 1, 2865, '2025-12-06', NULL, 311.17);
INSERT INTO PozycjeZamowienia (ProduktZamowienieID, ZamowienieID, ProduktID, Ilosc, StatusProdukcjiID, Cena, DataRozpoczecia, DataZakonczenia, Marza) VALUES (118, 12, 29, 1, 1, 2258, '2025-12-09', NULL, 660.06);
INSERT INTO PozycjeZamowienia (ProduktZamowienieID, ZamowienieID, ProduktID, Ilosc, StatusProdukcjiID, Cena, DataRozpoczecia, DataZakonczenia, Marza) VALUES (119, 40, 32, 2, 4, 813, '2025-12-28', NULL, 353.63);
INSERT INTO PozycjeZamowienia (ProduktZamowienieID, ZamowienieID, ProduktID, Ilosc, StatusProdukcjiID, Cena, DataRozpoczecia, DataZakonczenia, Marza) VALUES (120, 68, 31, 3, 2, 2324, '2025-12-24', NULL, 476.43);
INSERT INTO PozycjeZamowienia (ProduktZamowienieID, ZamowienieID, ProduktID, Ilosc, StatusProdukcjiID, Cena, DataRozpoczecia, DataZakonczenia, Marza) VALUES (121, 56, 5, 1, 5, 2952, '2025-12-01', NULL, 528.64);
INSERT INTO PozycjeZamowienia (ProduktZamowienieID, ZamowienieID, ProduktID, Ilosc, StatusProdukcjiID, Cena, DataRozpoczecia, DataZakonczenia, Marza) VALUES (122, 4, 6, 3, 5, 2612, '2025-12-08', NULL, 404.41);
INSERT INTO PozycjeZamowienia (ProduktZamowienieID, ZamowienieID, ProduktID, Ilosc, StatusProdukcjiID, Cena, DataRozpoczecia, DataZakonczenia, Marza) VALUES (123, 84, 25, 4, 3, 784, '2025-12-01', NULL, 266.64);
INSERT INTO PozycjeZamowienia (ProduktZamowienieID, ZamowienieID, ProduktID, Ilosc, StatusProdukcjiID, Cena, DataRozpoczecia, DataZakonczenia, Marza) VALUES (124, 53, 6, 2, 3, 2890, '2025-12-17', NULL, 393.54);
INSERT INTO PozycjeZamowienia (ProduktZamowienieID, ZamowienieID, ProduktID, Ilosc, StatusProdukcjiID, Cena, DataRozpoczecia, DataZakonczenia, Marza) VALUES (125, 48, 26, 3, 4, 2093, '2025-12-05', NULL, 732.67);
INSERT INTO PozycjeZamowienia (ProduktZamowienieID, ZamowienieID, ProduktID, Ilosc, StatusProdukcjiID, Cena, DataRozpoczecia, DataZakonczenia, Marza) VALUES (126, 49, 18, 4, 5, 1461, '2025-12-26', NULL, 260.72);
INSERT INTO PozycjeZamowienia (ProduktZamowienieID, ZamowienieID, ProduktID, Ilosc, StatusProdukcjiID, Cena, DataRozpoczecia, DataZakonczenia, Marza) VALUES (127, 44, 33, 1, 7, 1071, '2025-12-16', '2025-12-21', 170.91);
INSERT INTO PozycjeZamowienia (ProduktZamowienieID, ZamowienieID, ProduktID, Ilosc, StatusProdukcjiID, Cena, DataRozpoczecia, DataZakonczenia, Marza) VALUES (128, 80, 18, 4, 7, 1116, '2025-12-14', '2025-12-19', 755.67);
INSERT INTO PozycjeZamowienia (ProduktZamowienieID, ZamowienieID, ProduktID, Ilosc, StatusProdukcjiID, Cena, DataRozpoczecia, DataZakonczenia, Marza) VALUES (129, 11, 40, 4, 2, 2208, '2025-12-16', NULL, 776.16);
INSERT INTO PozycjeZamowienia (ProduktZamowienieID, ZamowienieID, ProduktID, Ilosc, StatusProdukcjiID, Cena, DataRozpoczecia, DataZakonczenia, Marza) VALUES (130, 47, 15, 1, 2, 1136, '2025-12-01', NULL, 404.55);
INSERT INTO PozycjeZamowienia (ProduktZamowienieID, ZamowienieID, ProduktID, Ilosc, StatusProdukcjiID, Cena, DataRozpoczecia, DataZakonczenia, Marza) VALUES (131, 14, 12, 3, 4, 2070, '2025-12-14', NULL, 494.24);
INSERT INTO PozycjeZamowienia (ProduktZamowienieID, ZamowienieID, ProduktID, Ilosc, StatusProdukcjiID, Cena, DataRozpoczecia, DataZakonczenia, Marza) VALUES (132, 93, 33, 3, 7, 2149, '2025-12-24', '2025-12-29', 220.86);
INSERT INTO PozycjeZamowienia (ProduktZamowienieID, ZamowienieID, ProduktID, Ilosc, StatusProdukcjiID, Cena, DataRozpoczecia, DataZakonczenia, Marza) VALUES (133, 32, 19, 1, 6, 992, '2025-12-18', NULL, 227.06);
INSERT INTO PozycjeZamowienia (ProduktZamowienieID, ZamowienieID, ProduktID, Ilosc, StatusProdukcjiID, Cena, DataRozpoczecia, DataZakonczenia, Marza) VALUES (134, 10, 7, 1, 5, 1226, '2025-12-07', NULL, 729.18);
INSERT INTO PozycjeZamowienia (ProduktZamowienieID, ZamowienieID, ProduktID, Ilosc, StatusProdukcjiID, Cena, DataRozpoczecia, DataZakonczenia, Marza) VALUES (135, 20, 8, 3, 3, 1848, '2025-12-19', NULL, 597.9);
INSERT INTO PozycjeZamowienia (ProduktZamowienieID, ZamowienieID, ProduktID, Ilosc, StatusProdukcjiID, Cena, DataRozpoczecia, DataZakonczenia, Marza) VALUES (136, 60, 28, 1, 4, 2373, '2025-12-19', NULL, 183.84);
INSERT INTO PozycjeZamowienia (ProduktZamowienieID, ZamowienieID, ProduktID, Ilosc, StatusProdukcjiID, Cena, DataRozpoczecia, DataZakonczenia, Marza) VALUES (137, 34, 34, 1, 4, 2694, '2025-12-15', NULL, 475.36);
INSERT INTO PozycjeZamowienia (ProduktZamowienieID, ZamowienieID, ProduktID, Ilosc, StatusProdukcjiID, Cena, DataRozpoczecia, DataZakonczenia, Marza) VALUES (138, 87, 8, 1, 1, 922, '2025-12-16', NULL, 488.82);
INSERT INTO PozycjeZamowienia (ProduktZamowienieID, ZamowienieID, ProduktID, Ilosc, StatusProdukcjiID, Cena, DataRozpoczecia, DataZakonczenia, Marza) VALUES (139, 42, 27, 4, 6, 1611, '2025-12-09', NULL, 778.99);
INSERT INTO PozycjeZamowienia (ProduktZamowienieID, ZamowienieID, ProduktID, Ilosc, StatusProdukcjiID, Cena, DataRozpoczecia, DataZakonczenia, Marza) VALUES (140, 91, 12, 2, 7, 2803, '2025-12-07', '2025-12-12', 583.58);
INSERT INTO PozycjeZamowienia (ProduktZamowienieID, ZamowienieID, ProduktID, Ilosc, StatusProdukcjiID, Cena, DataRozpoczecia, DataZakonczenia, Marza) VALUES (141, 36, 9, 1, 4, 1541, '2025-12-15', NULL, 379.15);
INSERT INTO PozycjeZamowienia (ProduktZamowienieID, ZamowienieID, ProduktID, Ilosc, StatusProdukcjiID, Cena, DataRozpoczecia, DataZakonczenia, Marza) VALUES (142, 76, 28, 3, 7, 2690, '2025-11-30', '2025-12-05', 187.08);
INSERT INTO PozycjeZamowienia (ProduktZamowienieID, ZamowienieID, ProduktID, Ilosc, StatusProdukcjiID, Cena, DataRozpoczecia, DataZakonczenia, Marza) VALUES (143, 18, 18, 4, 2, 683, '2025-12-10', NULL, 673.6);
INSERT INTO PozycjeZamowienia (ProduktZamowienieID, ZamowienieID, ProduktID, Ilosc, StatusProdukcjiID, Cena, DataRozpoczecia, DataZakonczenia, Marza) VALUES (144, 63, 17, 3, 1, 2750, '2025-12-15', NULL, 170.97);
INSERT INTO PozycjeZamowienia (ProduktZamowienieID, ZamowienieID, ProduktID, Ilosc, StatusProdukcjiID, Cena, DataRozpoczecia, DataZakonczenia, Marza) VALUES (145, 13, 32, 2, 4, 917, '2025-12-22', NULL, 781.42);
INSERT INTO PozycjeZamowienia (ProduktZamowienieID, ZamowienieID, ProduktID, Ilosc, StatusProdukcjiID, Cena, DataRozpoczecia, DataZakonczenia, Marza) VALUES (146, 98, 5, 4, 1, 2649, '2025-12-28', NULL, 224.65);
INSERT INTO PozycjeZamowienia (ProduktZamowienieID, ZamowienieID, ProduktID, Ilosc, StatusProdukcjiID, Cena, DataRozpoczecia, DataZakonczenia, Marza) VALUES (147, 16, 12, 4, 2, 2839, '2025-12-24', NULL, 474.07);
INSERT INTO PozycjeZamowienia (ProduktZamowienieID, ZamowienieID, ProduktID, Ilosc, StatusProdukcjiID, Cena, DataRozpoczecia, DataZakonczenia, Marza) VALUES (148, 38, 15, 2, 2, 2984, '2025-12-25', NULL, 730.33);
INSERT INTO PozycjeZamowienia (ProduktZamowienieID, ZamowienieID, ProduktID, Ilosc, StatusProdukcjiID, Cena, DataRozpoczecia, DataZakonczenia, Marza) VALUES (149, 65, 34, 4, 3, 939, '2025-12-05', NULL, 548.79);
INSERT INTO PozycjeZamowienia (ProduktZamowienieID, ZamowienieID, ProduktID, Ilosc, StatusProdukcjiID, Cena, DataRozpoczecia, DataZakonczenia, Marza) VALUES (150, 47, 19, 3, 7, 1976, '2025-12-18', '2025-12-23', 700.13);
INSERT INTO PozycjeZamowienia (ProduktZamowienieID, ZamowienieID, ProduktID, Ilosc, StatusProdukcjiID, Cena, DataRozpoczecia, DataZakonczenia, Marza) VALUES (151, 98, 35, 2, 6, 1111, '2025-12-25', NULL, 472.02);
INSERT INTO PozycjeZamowienia (ProduktZamowienieID, ZamowienieID, ProduktID, Ilosc, StatusProdukcjiID, Cena, DataRozpoczecia, DataZakonczenia, Marza) VALUES (152, 86, 4, 4, 5, 820, '2025-12-08', NULL, 610.02);
INSERT INTO PozycjeZamowienia (ProduktZamowienieID, ZamowienieID, ProduktID, Ilosc, StatusProdukcjiID, Cena, DataRozpoczecia, DataZakonczenia, Marza) VALUES (153, 63, 28, 4, 2, 1576, '2025-12-18', NULL, 781.0);
INSERT INTO PozycjeZamowienia (ProduktZamowienieID, ZamowienieID, ProduktID, Ilosc, StatusProdukcjiID, Cena, DataRozpoczecia, DataZakonczenia, Marza) VALUES (154, 21, 6, 4, 5, 2270, '2025-12-13', NULL, 498.42);
INSERT INTO PozycjeZamowienia (ProduktZamowienieID, ZamowienieID, ProduktID, Ilosc, StatusProdukcjiID, Cena, DataRozpoczecia, DataZakonczenia, Marza) VALUES (155, 41, 37, 2, 3, 2869, '2025-12-10', NULL, 544.92);
INSERT INTO PozycjeZamowienia (ProduktZamowienieID, ZamowienieID, ProduktID, Ilosc, StatusProdukcjiID, Cena, DataRozpoczecia, DataZakonczenia, Marza) VALUES (156, 98, 37, 2, 4, 2193, '2025-12-09', NULL, 521.26);
INSERT INTO PozycjeZamowienia (ProduktZamowienieID, ZamowienieID, ProduktID, Ilosc, StatusProdukcjiID, Cena, DataRozpoczecia, DataZakonczenia, Marza) VALUES (157, 83, 5, 3, 3, 2650, '2025-12-02', NULL, 431.0);
INSERT INTO PozycjeZamowienia (ProduktZamowienieID, ZamowienieID, ProduktID, Ilosc, StatusProdukcjiID, Cena, DataRozpoczecia, DataZakonczenia, Marza) VALUES (158, 87, 29, 4, 7, 2689, '2025-12-09', '2025-12-14', 573.37);
INSERT INTO PozycjeZamowienia (ProduktZamowienieID, ZamowienieID, ProduktID, Ilosc, StatusProdukcjiID, Cena, DataRozpoczecia, DataZakonczenia, Marza) VALUES (159, 65, 15, 4, 3, 2531, '2025-12-03', NULL, 446.96);
INSERT INTO PozycjeZamowienia (ProduktZamowienieID, ZamowienieID, ProduktID, Ilosc, StatusProdukcjiID, Cena, DataRozpoczecia, DataZakonczenia, Marza) VALUES (160, 93, 37, 4, 1, 1924, '2025-12-06', NULL, 308.87);
INSERT INTO PozycjeZamowienia (ProduktZamowienieID, ZamowienieID, ProduktID, Ilosc, StatusProdukcjiID, Cena, DataRozpoczecia, DataZakonczenia, Marza) VALUES (161, 86, 29, 1, 2, 2321, '2025-12-13', NULL, 771.93);
INSERT INTO PozycjeZamowienia (ProduktZamowienieID, ZamowienieID, ProduktID, Ilosc, StatusProdukcjiID, Cena, DataRozpoczecia, DataZakonczenia, Marza) VALUES (162, 51, 9, 2, 1, 2448, '2025-12-13', NULL, 388.02);
INSERT INTO PozycjeZamowienia (ProduktZamowienieID, ZamowienieID, ProduktID, Ilosc, StatusProdukcjiID, Cena, DataRozpoczecia, DataZakonczenia, Marza) VALUES (163, 81, 25, 4, 2, 1082, '2025-12-05', NULL, 271.73);
INSERT INTO PozycjeZamowienia (ProduktZamowienieID, ZamowienieID, ProduktID, Ilosc, StatusProdukcjiID, Cena, DataRozpoczecia, DataZakonczenia, Marza) VALUES (164, 64, 15, 4, 7, 2945, '2025-12-15', '2025-12-20', 701.95);
INSERT INTO PozycjeZamowienia (ProduktZamowienieID, ZamowienieID, ProduktID, Ilosc, StatusProdukcjiID, Cena, DataRozpoczecia, DataZakonczenia, Marza) VALUES (165, 86, 31, 3, 7, 728, '2025-12-02', '2025-12-07', 527.76);
INSERT INTO PozycjeZamowienia (ProduktZamowienieID, ZamowienieID, ProduktID, Ilosc, StatusProdukcjiID, Cena, DataRozpoczecia, DataZakonczenia, Marza) VALUES (166, 49, 39, 3, 4, 2402, '2025-12-01', NULL, 675.33);
INSERT INTO PozycjeZamowienia (ProduktZamowienieID, ZamowienieID, ProduktID, Ilosc, StatusProdukcjiID, Cena, DataRozpoczecia, DataZakonczenia, Marza) VALUES (167, 79, 36, 2, 5, 1388, '2025-12-09', NULL, 355.47);
INSERT INTO PozycjeZamowienia (ProduktZamowienieID, ZamowienieID, ProduktID, Ilosc, StatusProdukcjiID, Cena, DataRozpoczecia, DataZakonczenia, Marza) VALUES (168, 42, 18, 3, 1, 697, '2025-12-04', NULL, 568.68);
INSERT INTO PozycjeZamowienia (ProduktZamowienieID, ZamowienieID, ProduktID, Ilosc, StatusProdukcjiID, Cena, DataRozpoczecia, DataZakonczenia, Marza) VALUES (169, 62, 9, 4, 5, 1142, '2025-12-01', NULL, 511.72);
INSERT INTO PozycjeZamowienia (ProduktZamowienieID, ZamowienieID, ProduktID, Ilosc, StatusProdukcjiID, Cena, DataRozpoczecia, DataZakonczenia, Marza) VALUES (170, 63, 23, 2, 7, 1618, '2025-12-01', '2025-12-06', 497.7);
INSERT INTO PozycjeZamowienia (ProduktZamowienieID, ZamowienieID, ProduktID, Ilosc, StatusProdukcjiID, Cena, DataRozpoczecia, DataZakonczenia, Marza) VALUES (171, 23, 10, 2, 1, 841, '2025-12-16', NULL, 275.18);
INSERT INTO PozycjeZamowienia (ProduktZamowienieID, ZamowienieID, ProduktID, Ilosc, StatusProdukcjiID, Cena, DataRozpoczecia, DataZakonczenia, Marza) VALUES (172, 37, 17, 4, 2, 2120, '2025-12-05', NULL, 413.71);
INSERT INTO PozycjeZamowienia (ProduktZamowienieID, ZamowienieID, ProduktID, Ilosc, StatusProdukcjiID, Cena, DataRozpoczecia, DataZakonczenia, Marza) VALUES (173, 44, 34, 2, 7, 1650, '2025-12-22', '2025-12-27', 591.29);
INSERT INTO PozycjeZamowienia (ProduktZamowienieID, ZamowienieID, ProduktID, Ilosc, StatusProdukcjiID, Cena, DataRozpoczecia, DataZakonczenia, Marza) VALUES (174, 5, 28, 3, 5, 1334, '2025-12-05', NULL, 295.28);
INSERT INTO PozycjeZamowienia (ProduktZamowienieID, ZamowienieID, ProduktID, Ilosc, StatusProdukcjiID, Cena, DataRozpoczecia, DataZakonczenia, Marza) VALUES (175, 10, 26, 3, 1, 1037, '2025-12-27', NULL, 654.57);
INSERT INTO PozycjeZamowienia (ProduktZamowienieID, ZamowienieID, ProduktID, Ilosc, StatusProdukcjiID, Cena, DataRozpoczecia, DataZakonczenia, Marza) VALUES (176, 29, 8, 1, 4, 1505, '2025-12-26', NULL, 309.95);
INSERT INTO PozycjeZamowienia (ProduktZamowienieID, ZamowienieID, ProduktID, Ilosc, StatusProdukcjiID, Cena, DataRozpoczecia, DataZakonczenia, Marza) VALUES (177, 55, 23, 1, 2, 2602, '2025-12-17', NULL, 639.27);
INSERT INTO PozycjeZamowienia (ProduktZamowienieID, ZamowienieID, ProduktID, Ilosc, StatusProdukcjiID, Cena, DataRozpoczecia, DataZakonczenia, Marza) VALUES (178, 54, 27, 2, 1, 1113, '2025-12-08', NULL, 468.04);
INSERT INTO PozycjeZamowienia (ProduktZamowienieID, ZamowienieID, ProduktID, Ilosc, StatusProdukcjiID, Cena, DataRozpoczecia, DataZakonczenia, Marza) VALUES (179, 97, 3, 1, 6, 1772, '2025-12-23', NULL, 649.07);
INSERT INTO PozycjeZamowienia (ProduktZamowienieID, ZamowienieID, ProduktID, Ilosc, StatusProdukcjiID, Cena, DataRozpoczecia, DataZakonczenia, Marza) VALUES (180, 25, 33, 1, 3, 2013, '2025-12-11', NULL, 664.31);
INSERT INTO PozycjeZamowienia (ProduktZamowienieID, ZamowienieID, ProduktID, Ilosc, StatusProdukcjiID, Cena, DataRozpoczecia, DataZakonczenia, Marza) VALUES (181, 11, 34, 4, 6, 2152, '2025-12-03', NULL, 470.83);
INSERT INTO PozycjeZamowienia (ProduktZamowienieID, ZamowienieID, ProduktID, Ilosc, StatusProdukcjiID, Cena, DataRozpoczecia, DataZakonczenia, Marza) VALUES (182, 16, 23, 1, 6, 664, '2025-12-08', NULL, 471.78);
INSERT INTO PozycjeZamowienia (ProduktZamowienieID, ZamowienieID, ProduktID, Ilosc, StatusProdukcjiID, Cena, DataRozpoczecia, DataZakonczenia, Marza) VALUES (183, 47, 25, 3, 1, 1007, '2025-12-04', NULL, 787.94);
INSERT INTO PozycjeZamowienia (ProduktZamowienieID, ZamowienieID, ProduktID, Ilosc, StatusProdukcjiID, Cena, DataRozpoczecia, DataZakonczenia, Marza) VALUES (184, 31, 32, 4, 5, 1280, '2025-12-21', NULL, 796.82);
INSERT INTO PozycjeZamowienia (ProduktZamowienieID, ZamowienieID, ProduktID, Ilosc, StatusProdukcjiID, Cena, DataRozpoczecia, DataZakonczenia, Marza) VALUES (185, 67, 3, 1, 4, 1608, '2025-11-30', NULL, 604.74);
INSERT INTO PozycjeZamowienia (ProduktZamowienieID, ZamowienieID, ProduktID, Ilosc, StatusProdukcjiID, Cena, DataRozpoczecia, DataZakonczenia, Marza) VALUES (186, 22, 18, 4, 4, 2237, '2025-12-25', NULL, 725.08);
INSERT INTO PozycjeZamowienia (ProduktZamowienieID, ZamowienieID, ProduktID, Ilosc, StatusProdukcjiID, Cena, DataRozpoczecia, DataZakonczenia, Marza) VALUES (187, 68, 17, 4, 6, 981, '2025-12-16', NULL, 343.48);
INSERT INTO PozycjeZamowienia (ProduktZamowienieID, ZamowienieID, ProduktID, Ilosc, StatusProdukcjiID, Cena, DataRozpoczecia, DataZakonczenia, Marza) VALUES (188, 79, 40, 2, 5, 2217, '2025-12-02', NULL, 759.65);
INSERT INTO PozycjeZamowienia (ProduktZamowienieID, ZamowienieID, ProduktID, Ilosc, StatusProdukcjiID, Cena, DataRozpoczecia, DataZakonczenia, Marza) VALUES (189, 72, 25, 1, 2, 1738, '2025-12-06', NULL, 708.18);
INSERT INTO PozycjeZamowienia (ProduktZamowienieID, ZamowienieID, ProduktID, Ilosc, StatusProdukcjiID, Cena, DataRozpoczecia, DataZakonczenia, Marza) VALUES (190, 28, 16, 3, 4, 1127, '2025-12-09', NULL, 534.33);
INSERT INTO PozycjeZamowienia (ProduktZamowienieID, ZamowienieID, ProduktID, Ilosc, StatusProdukcjiID, Cena, DataRozpoczecia, DataZakonczenia, Marza) VALUES (191, 39, 17, 2, 3, 1139, '2025-12-21', NULL, 661.28);
INSERT INTO PozycjeZamowienia (ProduktZamowienieID, ZamowienieID, ProduktID, Ilosc, StatusProdukcjiID, Cena, DataRozpoczecia, DataZakonczenia, Marza) VALUES (192, 97, 25, 4, 3, 1253, '2025-12-15', NULL, 439.6);
INSERT INTO PozycjeZamowienia (ProduktZamowienieID, ZamowienieID, ProduktID, Ilosc, StatusProdukcjiID, Cena, DataRozpoczecia, DataZakonczenia, Marza) VALUES (193, 2, 33, 3, 1, 1380, '2025-11-30', NULL, 489.88);
INSERT INTO PozycjeZamowienia (ProduktZamowienieID, ZamowienieID, ProduktID, Ilosc, StatusProdukcjiID, Cena, DataRozpoczecia, DataZakonczenia, Marza) VALUES (194, 20, 15, 3, 2, 2167, '2025-12-29', NULL, 574.88);
INSERT INTO PozycjeZamowienia (ProduktZamowienieID, ZamowienieID, ProduktID, Ilosc, StatusProdukcjiID, Cena, DataRozpoczecia, DataZakonczenia, Marza) VALUES (195, 86, 9, 3, 2, 1855, '2025-12-24', NULL, 452.03);
INSERT INTO PozycjeZamowienia (ProduktZamowienieID, ZamowienieID, ProduktID, Ilosc, StatusProdukcjiID, Cena, DataRozpoczecia, DataZakonczenia, Marza) VALUES (196, 63, 31, 1, 4, 1958, '2025-12-08', NULL, 678.32);
INSERT INTO PozycjeZamowienia (ProduktZamowienieID, ZamowienieID, ProduktID, Ilosc, StatusProdukcjiID, Cena, DataRozpoczecia, DataZakonczenia, Marza) VALUES (197, 39, 40, 1, 2, 2633, '2025-12-09', NULL, 675.56);
INSERT INTO PozycjeZamowienia (ProduktZamowienieID, ZamowienieID, ProduktID, Ilosc, StatusProdukcjiID, Cena, DataRozpoczecia, DataZakonczenia, Marza) VALUES (198, 67, 2, 4, 7, 2814, '2025-12-10', '2025-12-15', 157.57);
INSERT INTO PozycjeZamowienia (ProduktZamowienieID, ZamowienieID, ProduktID, Ilosc, StatusProdukcjiID, Cena, DataRozpoczecia, DataZakonczenia, Marza) VALUES (199, 99, 33, 3, 6, 1506, '2025-12-10', NULL, 231.78);
INSERT INTO PozycjeZamowienia (ProduktZamowienieID, ZamowienieID, ProduktID, Ilosc, StatusProdukcjiID, Cena, DataRozpoczecia, DataZakonczenia, Marza) VALUES (200, 92, 4, 1, 1, 650, '2025-12-15', NULL, 610.28);
INSERT INTO PozycjeZamowienia (ProduktZamowienieID, ZamowienieID, ProduktID, Ilosc, StatusProdukcjiID, Cena, DataRozpoczecia, DataZakonczenia, Marza) VALUES (201, 52, 29, 4, 6, 1533, '2025-12-16', NULL, 254.48);
INSERT INTO PozycjeZamowienia (ProduktZamowienieID, ZamowienieID, ProduktID, Ilosc, StatusProdukcjiID, Cena, DataRozpoczecia, DataZakonczenia, Marza) VALUES (202, 49, 27, 3, 6, 936, '2025-12-05', NULL, 277.51);
INSERT INTO PozycjeZamowienia (ProduktZamowienieID, ZamowienieID, ProduktID, Ilosc, StatusProdukcjiID, Cena, DataRozpoczecia, DataZakonczenia, Marza) VALUES (203, 4, 19, 1, 4, 604, '2025-12-29', NULL, 390.11);
INSERT INTO PozycjeZamowienia (ProduktZamowienieID, ZamowienieID, ProduktID, Ilosc, StatusProdukcjiID, Cena, DataRozpoczecia, DataZakonczenia, Marza) VALUES (204, 33, 40, 1, 7, 2973, '2025-12-20', '2025-12-25', 292.57);
INSERT INTO PozycjeZamowienia (ProduktZamowienieID, ZamowienieID, ProduktID, Ilosc, StatusProdukcjiID, Cena, DataRozpoczecia, DataZakonczenia, Marza) VALUES (205, 10, 30, 4, 4, 2181, '2025-12-15', NULL, 214.01);
INSERT INTO PozycjeZamowienia (ProduktZamowienieID, ZamowienieID, ProduktID, Ilosc, StatusProdukcjiID, Cena, DataRozpoczecia, DataZakonczenia, Marza) VALUES (206, 99, 35, 1, 7, 2949, '2025-12-07', '2025-12-12', 589.67);
INSERT INTO PozycjeZamowienia (ProduktZamowienieID, ZamowienieID, ProduktID, Ilosc, StatusProdukcjiID, Cena, DataRozpoczecia, DataZakonczenia, Marza) VALUES (207, 75, 10, 4, 3, 1555, '2025-12-24', NULL, 391.46);
INSERT INTO PozycjeZamowienia (ProduktZamowienieID, ZamowienieID, ProduktID, Ilosc, StatusProdukcjiID, Cena, DataRozpoczecia, DataZakonczenia, Marza) VALUES (208, 73, 12, 3, 4, 2512, '2025-12-28', NULL, 372.25);
INSERT INTO PozycjeZamowienia (ProduktZamowienieID, ZamowienieID, ProduktID, Ilosc, StatusProdukcjiID, Cena, DataRozpoczecia, DataZakonczenia, Marza) VALUES (209, 71, 30, 2, 1, 2441, '2025-12-20', NULL, 772.19);
INSERT INTO PozycjeZamowienia (ProduktZamowienieID, ZamowienieID, ProduktID, Ilosc, StatusProdukcjiID, Cena, DataRozpoczecia, DataZakonczenia, Marza) VALUES (210, 28, 40, 1, 2, 2377, '2025-12-11', NULL, 201.54);
INSERT INTO PozycjeZamowienia (ProduktZamowienieID, ZamowienieID, ProduktID, Ilosc, StatusProdukcjiID, Cena, DataRozpoczecia, DataZakonczenia, Marza) VALUES (211, 34, 20, 1, 7, 795, '2025-12-08', '2025-12-13', 239.23);
INSERT INTO PozycjeZamowienia (ProduktZamowienieID, ZamowienieID, ProduktID, Ilosc, StatusProdukcjiID, Cena, DataRozpoczecia, DataZakonczenia, Marza) VALUES (212, 44, 21, 2, 4, 2027, '2025-12-29', NULL, 241.32);
INSERT INTO PozycjeZamowienia (ProduktZamowienieID, ZamowienieID, ProduktID, Ilosc, StatusProdukcjiID, Cena, DataRozpoczecia, DataZakonczenia, Marza) VALUES (213, 82, 12, 1, 4, 1093, '2025-12-15', NULL, 371.98);
INSERT INTO PozycjeZamowienia (ProduktZamowienieID, ZamowienieID, ProduktID, Ilosc, StatusProdukcjiID, Cena, DataRozpoczecia, DataZakonczenia, Marza) VALUES (214, 75, 34, 4, 4, 2457, '2025-12-18', NULL, 574.82);
INSERT INTO PozycjeZamowienia (ProduktZamowienieID, ZamowienieID, ProduktID, Ilosc, StatusProdukcjiID, Cena, DataRozpoczecia, DataZakonczenia, Marza) VALUES (215, 84, 37, 4, 5, 1310, '2025-12-13', NULL, 250.2);
INSERT INTO PozycjeZamowienia (ProduktZamowienieID, ZamowienieID, ProduktID, Ilosc, StatusProdukcjiID, Cena, DataRozpoczecia, DataZakonczenia, Marza) VALUES (216, 24, 8, 2, 1, 2895, '2025-12-14', NULL, 636.7);
INSERT INTO PozycjeZamowienia (ProduktZamowienieID, ZamowienieID, ProduktID, Ilosc, StatusProdukcjiID, Cena, DataRozpoczecia, DataZakonczenia, Marza) VALUES (217, 6, 9, 4, 3, 1464, '2025-12-01', NULL, 508.95);
INSERT INTO PozycjeZamowienia (ProduktZamowienieID, ZamowienieID, ProduktID, Ilosc, StatusProdukcjiID, Cena, DataRozpoczecia, DataZakonczenia, Marza) VALUES (218, 18, 12, 3, 2, 1463, '2025-12-22', NULL, 547.65);
INSERT INTO PozycjeZamowienia (ProduktZamowienieID, ZamowienieID, ProduktID, Ilosc, StatusProdukcjiID, Cena, DataRozpoczecia, DataZakonczenia, Marza) VALUES (219, 69, 11, 2, 5, 1509, '2025-12-03', NULL, 238.23);
INSERT INTO PozycjeZamowienia (ProduktZamowienieID, ZamowienieID, ProduktID, Ilosc, StatusProdukcjiID, Cena, DataRozpoczecia, DataZakonczenia, Marza) VALUES (220, 77, 39, 4, 6, 2666, '2025-12-05', NULL, 486.6);
INSERT INTO PozycjeZamowienia (ProduktZamowienieID, ZamowienieID, ProduktID, Ilosc, StatusProdukcjiID, Cena, DataRozpoczecia, DataZakonczenia, Marza) VALUES (221, 5, 38, 2, 1, 1743, '2025-12-22', NULL, 207.17);
INSERT INTO PozycjeZamowienia (ProduktZamowienieID, ZamowienieID, ProduktID, Ilosc, StatusProdukcjiID, Cena, DataRozpoczecia, DataZakonczenia, Marza) VALUES (222, 34, 20, 4, 1, 850, '2025-12-03', NULL, 580.5);
INSERT INTO PozycjeZamowienia (ProduktZamowienieID, ZamowienieID, ProduktID, Ilosc, StatusProdukcjiID, Cena, DataRozpoczecia, DataZakonczenia, Marza) VALUES (223, 79, 22, 1, 3, 1740, '2025-12-14', NULL, 483.44);
INSERT INTO PozycjeZamowienia (ProduktZamowienieID, ZamowienieID, ProduktID, Ilosc, StatusProdukcjiID, Cena, DataRozpoczecia, DataZakonczenia, Marza) VALUES (224, 17, 11, 1, 4, 1333, '2025-12-27', NULL, 605.48);
INSERT INTO PozycjeZamowienia (ProduktZamowienieID, ZamowienieID, ProduktID, Ilosc, StatusProdukcjiID, Cena, DataRozpoczecia, DataZakonczenia, Marza) VALUES (225, 25, 38, 2, 4, 1224, '2025-12-14', NULL, 417.3);
INSERT INTO PozycjeZamowienia (ProduktZamowienieID, ZamowienieID, ProduktID, Ilosc, StatusProdukcjiID, Cena, DataRozpoczecia, DataZakonczenia, Marza) VALUES (226, 37, 24, 4, 6, 1984, '2025-12-09', NULL, 410.03);
INSERT INTO PozycjeZamowienia (ProduktZamowienieID, ZamowienieID, ProduktID, Ilosc, StatusProdukcjiID, Cena, DataRozpoczecia, DataZakonczenia, Marza) VALUES (227, 26, 30, 1, 3, 1405, '2025-12-23', NULL, 301.42);
INSERT INTO PozycjeZamowienia (ProduktZamowienieID, ZamowienieID, ProduktID, Ilosc, StatusProdukcjiID, Cena, DataRozpoczecia, DataZakonczenia, Marza) VALUES (228, 54, 3, 1, 2, 2771, '2025-12-29', NULL, 393.65);
INSERT INTO PozycjeZamowienia (ProduktZamowienieID, ZamowienieID, ProduktID, Ilosc, StatusProdukcjiID, Cena, DataRozpoczecia, DataZakonczenia, Marza) VALUES (229, 19, 37, 1, 5, 974, '2025-12-12', NULL, 774.21);
INSERT INTO PozycjeZamowienia (ProduktZamowienieID, ZamowienieID, ProduktID, Ilosc, StatusProdukcjiID, Cena, DataRozpoczecia, DataZakonczenia, Marza) VALUES (230, 58, 25, 2, 6, 1114, '2025-12-18', NULL, 547.66);
INSERT INTO PozycjeZamowienia (ProduktZamowienieID, ZamowienieID, ProduktID, Ilosc, StatusProdukcjiID, Cena, DataRozpoczecia, DataZakonczenia, Marza) VALUES (231, 75, 26, 2, 4, 1081, '2025-12-27', NULL, 353.76);
INSERT INTO PozycjeZamowienia (ProduktZamowienieID, ZamowienieID, ProduktID, Ilosc, StatusProdukcjiID, Cena, DataRozpoczecia, DataZakonczenia, Marza) VALUES (232, 73, 30, 2, 6, 2377, '2025-12-28', NULL, 771.51);
INSERT INTO PozycjeZamowienia (ProduktZamowienieID, ZamowienieID, ProduktID, Ilosc, StatusProdukcjiID, Cena, DataRozpoczecia, DataZakonczenia, Marza) VALUES (233, 64, 1, 1, 3, 2682, '2025-12-21', NULL, 778.99);
INSERT INTO PozycjeZamowienia (ProduktZamowienieID, ZamowienieID, ProduktID, Ilosc, StatusProdukcjiID, Cena, DataRozpoczecia, DataZakonczenia, Marza) VALUES (234, 70, 15, 1, 3, 1285, '2025-12-01', NULL, 714.0);
INSERT INTO PozycjeZamowienia (ProduktZamowienieID, ZamowienieID, ProduktID, Ilosc, StatusProdukcjiID, Cena, DataRozpoczecia, DataZakonczenia, Marza) VALUES (235, 66, 36, 1, 5, 1921, '2025-12-06', NULL, 606.85);
INSERT INTO PozycjeZamowienia (ProduktZamowienieID, ZamowienieID, ProduktID, Ilosc, StatusProdukcjiID, Cena, DataRozpoczecia, DataZakonczenia, Marza) VALUES (236, 13, 18, 2, 6, 1306, '2025-12-12', NULL, 440.66);
INSERT INTO PozycjeZamowienia (ProduktZamowienieID, ZamowienieID, ProduktID, Ilosc, StatusProdukcjiID, Cena, DataRozpoczecia, DataZakonczenia, Marza) VALUES (237, 48, 15, 2, 3, 1146, '2025-12-24', NULL, 200.97);
INSERT INTO PozycjeZamowienia (ProduktZamowienieID, ZamowienieID, ProduktID, Ilosc, StatusProdukcjiID, Cena, DataRozpoczecia, DataZakonczenia, Marza) VALUES (238, 72, 9, 3, 6, 714, '2025-12-07', NULL, 192.8);
INSERT INTO PozycjeZamowienia (ProduktZamowienieID, ZamowienieID, ProduktID, Ilosc, StatusProdukcjiID, Cena, DataRozpoczecia, DataZakonczenia, Marza) VALUES (239, 57, 5, 1, 2, 1700, '2025-12-12', NULL, 561.71);
INSERT INTO PozycjeZamowienia (ProduktZamowienieID, ZamowienieID, ProduktID, Ilosc, StatusProdukcjiID, Cena, DataRozpoczecia, DataZakonczenia, Marza) VALUES (240, 1, 37, 2, 6, 2614, '2025-12-29', NULL, 458.45);
INSERT INTO PozycjeZamowienia (ProduktZamowienieID, ZamowienieID, ProduktID, Ilosc, StatusProdukcjiID, Cena, DataRozpoczecia, DataZakonczenia, Marza) VALUES (241, 23, 33, 2, 6, 1801, '2025-12-08', NULL, 724.64);
INSERT INTO PozycjeZamowienia (ProduktZamowienieID, ZamowienieID, ProduktID, Ilosc, StatusProdukcjiID, Cena, DataRozpoczecia, DataZakonczenia, Marza) VALUES (242, 84, 23, 1, 2, 2155, '2025-11-29', NULL, 193.42);
INSERT INTO PozycjeZamowienia (ProduktZamowienieID, ZamowienieID, ProduktID, Ilosc, StatusProdukcjiID, Cena, DataRozpoczecia, DataZakonczenia, Marza) VALUES (243, 77, 20, 3, 6, 1534, '2025-12-29', NULL, 595.88);
INSERT INTO PozycjeZamowienia (ProduktZamowienieID, ZamowienieID, ProduktID, Ilosc, StatusProdukcjiID, Cena, DataRozpoczecia, DataZakonczenia, Marza) VALUES (244, 3, 18, 3, 6, 829, '2025-12-04', NULL, 521.13);
INSERT INTO PozycjeZamowienia (ProduktZamowienieID, ZamowienieID, ProduktID, Ilosc, StatusProdukcjiID, Cena, DataRozpoczecia, DataZakonczenia, Marza) VALUES (245, 82, 16, 4, 2, 1969, '2025-12-17', NULL, 599.82);
INSERT INTO PozycjeZamowienia (ProduktZamowienieID, ZamowienieID, ProduktID, Ilosc, StatusProdukcjiID, Cena, DataRozpoczecia, DataZakonczenia, Marza) VALUES (246, 22, 14, 2, 6, 1861, '2025-12-16', NULL, 167.98);
INSERT INTO PozycjeZamowienia (ProduktZamowienieID, ZamowienieID, ProduktID, Ilosc, StatusProdukcjiID, Cena, DataRozpoczecia, DataZakonczenia, Marza) VALUES (247, 35, 35, 3, 6, 2740, '2025-12-25', NULL, 341.5);
INSERT INTO PozycjeZamowienia (ProduktZamowienieID, ZamowienieID, ProduktID, Ilosc, StatusProdukcjiID, Cena, DataRozpoczecia, DataZakonczenia, Marza) VALUES (248, 66, 8, 3, 5, 1143, '2025-12-27', NULL, 535.05);
INSERT INTO PozycjeZamowienia (ProduktZamowienieID, ZamowienieID, ProduktID, Ilosc, StatusProdukcjiID, Cena, DataRozpoczecia, DataZakonczenia, Marza) VALUES (249, 27, 37, 4, 4, 818, '2025-12-11', NULL, 346.3);
INSERT INTO PozycjeZamowienia (ProduktZamowienieID, ZamowienieID, ProduktID, Ilosc, StatusProdukcjiID, Cena, DataRozpoczecia, DataZakonczenia, Marza) VALUES (250, 27, 38, 3, 7, 2953, '2025-12-01', '2025-12-06', 644.84);
SET IDENTITY_INSERT PozycjeZamowienia OFF;
GO

SET IDENTITY_INSERT Reklamacje ON;
INSERT INTO Reklamacje (ReklamacjeID, ZamowienieID, TypReklamacjiID, OpisReklamacji) VALUES (1, 71, 1, 'Problem z jakością wykonania nr 1');
INSERT INTO Reklamacje (ReklamacjeID, ZamowienieID, TypReklamacjiID, OpisReklamacji) VALUES (2, 22, 1, 'Problem z jakością wykonania nr 2');
INSERT INTO Reklamacje (ReklamacjeID, ZamowienieID, TypReklamacjiID, OpisReklamacji) VALUES (3, 59, 1, 'Problem z jakością wykonania nr 3');
INSERT INTO Reklamacje (ReklamacjeID, ZamowienieID, TypReklamacjiID, OpisReklamacji) VALUES (4, 88, 5, 'Problem z jakością wykonania nr 4');
INSERT INTO Reklamacje (ReklamacjeID, ZamowienieID, TypReklamacjiID, OpisReklamacji) VALUES (5, 7, 5, 'Problem z jakością wykonania nr 5');
INSERT INTO Reklamacje (ReklamacjeID, ZamowienieID, TypReklamacjiID, OpisReklamacji) VALUES (6, 66, 3, 'Problem z jakością wykonania nr 6');
INSERT INTO Reklamacje (ReklamacjeID, ZamowienieID, TypReklamacjiID, OpisReklamacji) VALUES (7, 42, 2, 'Problem z jakością wykonania nr 7');
INSERT INTO Reklamacje (ReklamacjeID, ZamowienieID, TypReklamacjiID, OpisReklamacji) VALUES (8, 71, 4, 'Problem z jakością wykonania nr 8');
INSERT INTO Reklamacje (ReklamacjeID, ZamowienieID, TypReklamacjiID, OpisReklamacji) VALUES (9, 36, 3, 'Problem z jakością wykonania nr 9');
INSERT INTO Reklamacje (ReklamacjeID, ZamowienieID, TypReklamacjiID, OpisReklamacji) VALUES (10, 75, 2, 'Problem z jakością wykonania nr 10');
SET IDENTITY_INSERT Reklamacje OFF;
GO

SET IDENTITY_INSERT EwidencjaCzasuPracy ON;
INSERT INTO EwidencjaCzasuPracy (EwidencjaID, ProduktZamowienieID, PracownikID, GodzinyPracy, DataPracy) VALUES (1, 12, 10, 7, GETDATE());
INSERT INTO EwidencjaCzasuPracy (EwidencjaID, ProduktZamowienieID, PracownikID, GodzinyPracy, DataPracy) VALUES (2, 65, 12, 5, GETDATE());
INSERT INTO EwidencjaCzasuPracy (EwidencjaID, ProduktZamowienieID, PracownikID, GodzinyPracy, DataPracy) VALUES (3, 216, 12, 4, GETDATE());
INSERT INTO EwidencjaCzasuPracy (EwidencjaID, ProduktZamowienieID, PracownikID, GodzinyPracy, DataPracy) VALUES (4, 99, 13, 8, GETDATE());
INSERT INTO EwidencjaCzasuPracy (EwidencjaID, ProduktZamowienieID, PracownikID, GodzinyPracy, DataPracy) VALUES (5, 37, 3, 2, GETDATE());
INSERT INTO EwidencjaCzasuPracy (EwidencjaID, ProduktZamowienieID, PracownikID, GodzinyPracy, DataPracy) VALUES (6, 47, 11, 3, GETDATE());
INSERT INTO EwidencjaCzasuPracy (EwidencjaID, ProduktZamowienieID, PracownikID, GodzinyPracy, DataPracy) VALUES (7, 134, 3, 3, GETDATE());
INSERT INTO EwidencjaCzasuPracy (EwidencjaID, ProduktZamowienieID, PracownikID, GodzinyPracy, DataPracy) VALUES (8, 28, 19, 3, GETDATE());
INSERT INTO EwidencjaCzasuPracy (EwidencjaID, ProduktZamowienieID, PracownikID, GodzinyPracy, DataPracy) VALUES (9, 57, 18, 5, GETDATE());
INSERT INTO EwidencjaCzasuPracy (EwidencjaID, ProduktZamowienieID, PracownikID, GodzinyPracy, DataPracy) VALUES (10, 208, 6, 3, GETDATE());
INSERT INTO EwidencjaCzasuPracy (EwidencjaID, ProduktZamowienieID, PracownikID, GodzinyPracy, DataPracy) VALUES (11, 99, 4, 4, GETDATE());
INSERT INTO EwidencjaCzasuPracy (EwidencjaID, ProduktZamowienieID, PracownikID, GodzinyPracy, DataPracy) VALUES (12, 173, 17, 3, GETDATE());
INSERT INTO EwidencjaCzasuPracy (EwidencjaID, ProduktZamowienieID, PracownikID, GodzinyPracy, DataPracy) VALUES (13, 225, 10, 8, GETDATE());
INSERT INTO EwidencjaCzasuPracy (EwidencjaID, ProduktZamowienieID, PracownikID, GodzinyPracy, DataPracy) VALUES (14, 214, 20, 5, GETDATE());
INSERT INTO EwidencjaCzasuPracy (EwidencjaID, ProduktZamowienieID, PracownikID, GodzinyPracy, DataPracy) VALUES (15, 22, 17, 3, GETDATE());
INSERT INTO EwidencjaCzasuPracy (EwidencjaID, ProduktZamowienieID, PracownikID, GodzinyPracy, DataPracy) VALUES (16, 12, 19, 7, GETDATE());
INSERT INTO EwidencjaCzasuPracy (EwidencjaID, ProduktZamowienieID, PracownikID, GodzinyPracy, DataPracy) VALUES (17, 98, 20, 8, GETDATE());
INSERT INTO EwidencjaCzasuPracy (EwidencjaID, ProduktZamowienieID, PracownikID, GodzinyPracy, DataPracy) VALUES (18, 108, 5, 7, GETDATE());
INSERT INTO EwidencjaCzasuPracy (EwidencjaID, ProduktZamowienieID, PracownikID, GodzinyPracy, DataPracy) VALUES (19, 204, 17, 7, GETDATE());
INSERT INTO EwidencjaCzasuPracy (EwidencjaID, ProduktZamowienieID, PracownikID, GodzinyPracy, DataPracy) VALUES (20, 139, 9, 7, GETDATE());
INSERT INTO EwidencjaCzasuPracy (EwidencjaID, ProduktZamowienieID, PracownikID, GodzinyPracy, DataPracy) VALUES (21, 250, 8, 4, GETDATE());
INSERT INTO EwidencjaCzasuPracy (EwidencjaID, ProduktZamowienieID, PracownikID, GodzinyPracy, DataPracy) VALUES (22, 60, 19, 7, GETDATE());
INSERT INTO EwidencjaCzasuPracy (EwidencjaID, ProduktZamowienieID, PracownikID, GodzinyPracy, DataPracy) VALUES (23, 32, 9, 7, GETDATE());
INSERT INTO EwidencjaCzasuPracy (EwidencjaID, ProduktZamowienieID, PracownikID, GodzinyPracy, DataPracy) VALUES (24, 35, 10, 4, GETDATE());
INSERT INTO EwidencjaCzasuPracy (EwidencjaID, ProduktZamowienieID, PracownikID, GodzinyPracy, DataPracy) VALUES (25, 42, 7, 6, GETDATE());
INSERT INTO EwidencjaCzasuPracy (EwidencjaID, ProduktZamowienieID, PracownikID, GodzinyPracy, DataPracy) VALUES (26, 247, 4, 8, GETDATE());
INSERT INTO EwidencjaCzasuPracy (EwidencjaID, ProduktZamowienieID, PracownikID, GodzinyPracy, DataPracy) VALUES (27, 54, 7, 7, GETDATE());
INSERT INTO EwidencjaCzasuPracy (EwidencjaID, ProduktZamowienieID, PracownikID, GodzinyPracy, DataPracy) VALUES (28, 121, 3, 8, GETDATE());
INSERT INTO EwidencjaCzasuPracy (EwidencjaID, ProduktZamowienieID, PracownikID, GodzinyPracy, DataPracy) VALUES (29, 17, 18, 3, GETDATE());
INSERT INTO EwidencjaCzasuPracy (EwidencjaID, ProduktZamowienieID, PracownikID, GodzinyPracy, DataPracy) VALUES (30, 241, 10, 7, GETDATE());
INSERT INTO EwidencjaCzasuPracy (EwidencjaID, ProduktZamowienieID, PracownikID, GodzinyPracy, DataPracy) VALUES (31, 180, 12, 7, GETDATE());
INSERT INTO EwidencjaCzasuPracy (EwidencjaID, ProduktZamowienieID, PracownikID, GodzinyPracy, DataPracy) VALUES (32, 208, 12, 5, GETDATE());
INSERT INTO EwidencjaCzasuPracy (EwidencjaID, ProduktZamowienieID, PracownikID, GodzinyPracy, DataPracy) VALUES (33, 25, 6, 4, GETDATE());
INSERT INTO EwidencjaCzasuPracy (EwidencjaID, ProduktZamowienieID, PracownikID, GodzinyPracy, DataPracy) VALUES (34, 238, 8, 3, GETDATE());
INSERT INTO EwidencjaCzasuPracy (EwidencjaID, ProduktZamowienieID, PracownikID, GodzinyPracy, DataPracy) VALUES (35, 37, 6, 6, GETDATE());
INSERT INTO EwidencjaCzasuPracy (EwidencjaID, ProduktZamowienieID, PracownikID, GodzinyPracy, DataPracy) VALUES (36, 58, 14, 3, GETDATE());
INSERT INTO EwidencjaCzasuPracy (EwidencjaID, ProduktZamowienieID, PracownikID, GodzinyPracy, DataPracy) VALUES (37, 51, 15, 4, GETDATE());
INSERT INTO EwidencjaCzasuPracy (EwidencjaID, ProduktZamowienieID, PracownikID, GodzinyPracy, DataPracy) VALUES (38, 190, 8, 7, GETDATE());
INSERT INTO EwidencjaCzasuPracy (EwidencjaID, ProduktZamowienieID, PracownikID, GodzinyPracy, DataPracy) VALUES (39, 249, 10, 8, GETDATE());
INSERT INTO EwidencjaCzasuPracy (EwidencjaID, ProduktZamowienieID, PracownikID, GodzinyPracy, DataPracy) VALUES (40, 172, 7, 6, GETDATE());
INSERT INTO EwidencjaCzasuPracy (EwidencjaID, ProduktZamowienieID, PracownikID, GodzinyPracy, DataPracy) VALUES (41, 100, 18, 6, GETDATE());
INSERT INTO EwidencjaCzasuPracy (EwidencjaID, ProduktZamowienieID, PracownikID, GodzinyPracy, DataPracy) VALUES (42, 74, 17, 5, GETDATE());
INSERT INTO EwidencjaCzasuPracy (EwidencjaID, ProduktZamowienieID, PracownikID, GodzinyPracy, DataPracy) VALUES (43, 110, 19, 5, GETDATE());
INSERT INTO EwidencjaCzasuPracy (EwidencjaID, ProduktZamowienieID, PracownikID, GodzinyPracy, DataPracy) VALUES (44, 140, 13, 6, GETDATE());
INSERT INTO EwidencjaCzasuPracy (EwidencjaID, ProduktZamowienieID, PracownikID, GodzinyPracy, DataPracy) VALUES (45, 19, 14, 7, GETDATE());
INSERT INTO EwidencjaCzasuPracy (EwidencjaID, ProduktZamowienieID, PracownikID, GodzinyPracy, DataPracy) VALUES (46, 180, 12, 7, GETDATE());
INSERT INTO EwidencjaCzasuPracy (EwidencjaID, ProduktZamowienieID, PracownikID, GodzinyPracy, DataPracy) VALUES (47, 223, 6, 2, GETDATE());
INSERT INTO EwidencjaCzasuPracy (EwidencjaID, ProduktZamowienieID, PracownikID, GodzinyPracy, DataPracy) VALUES (48, 9, 8, 4, GETDATE());
INSERT INTO EwidencjaCzasuPracy (EwidencjaID, ProduktZamowienieID, PracownikID, GodzinyPracy, DataPracy) VALUES (49, 248, 5, 7, GETDATE());
INSERT INTO EwidencjaCzasuPracy (EwidencjaID, ProduktZamowienieID, PracownikID, GodzinyPracy, DataPracy) VALUES (50, 112, 20, 5, GETDATE());
INSERT INTO EwidencjaCzasuPracy (EwidencjaID, ProduktZamowienieID, PracownikID, GodzinyPracy, DataPracy) VALUES (51, 212, 12, 3, GETDATE());
INSERT INTO EwidencjaCzasuPracy (EwidencjaID, ProduktZamowienieID, PracownikID, GodzinyPracy, DataPracy) VALUES (52, 122, 13, 6, GETDATE());
INSERT INTO EwidencjaCzasuPracy (EwidencjaID, ProduktZamowienieID, PracownikID, GodzinyPracy, DataPracy) VALUES (53, 125, 12, 4, GETDATE());
INSERT INTO EwidencjaCzasuPracy (EwidencjaID, ProduktZamowienieID, PracownikID, GodzinyPracy, DataPracy) VALUES (54, 138, 19, 6, GETDATE());
INSERT INTO EwidencjaCzasuPracy (EwidencjaID, ProduktZamowienieID, PracownikID, GodzinyPracy, DataPracy) VALUES (55, 196, 1, 7, GETDATE());
INSERT INTO EwidencjaCzasuPracy (EwidencjaID, ProduktZamowienieID, PracownikID, GodzinyPracy, DataPracy) VALUES (56, 173, 14, 3, GETDATE());
INSERT INTO EwidencjaCzasuPracy (EwidencjaID, ProduktZamowienieID, PracownikID, GodzinyPracy, DataPracy) VALUES (57, 26, 5, 3, GETDATE());
INSERT INTO EwidencjaCzasuPracy (EwidencjaID, ProduktZamowienieID, PracownikID, GodzinyPracy, DataPracy) VALUES (58, 169, 2, 3, GETDATE());
INSERT INTO EwidencjaCzasuPracy (EwidencjaID, ProduktZamowienieID, PracownikID, GodzinyPracy, DataPracy) VALUES (59, 60, 9, 2, GETDATE());
INSERT INTO EwidencjaCzasuPracy (EwidencjaID, ProduktZamowienieID, PracownikID, GodzinyPracy, DataPracy) VALUES (60, 40, 16, 7, GETDATE());
INSERT INTO EwidencjaCzasuPracy (EwidencjaID, ProduktZamowienieID, PracownikID, GodzinyPracy, DataPracy) VALUES (61, 187, 20, 5, GETDATE());
INSERT INTO EwidencjaCzasuPracy (EwidencjaID, ProduktZamowienieID, PracownikID, GodzinyPracy, DataPracy) VALUES (62, 218, 9, 2, GETDATE());
INSERT INTO EwidencjaCzasuPracy (EwidencjaID, ProduktZamowienieID, PracownikID, GodzinyPracy, DataPracy) VALUES (63, 91, 11, 4, GETDATE());
INSERT INTO EwidencjaCzasuPracy (EwidencjaID, ProduktZamowienieID, PracownikID, GodzinyPracy, DataPracy) VALUES (64, 131, 11, 2, GETDATE());
INSERT INTO EwidencjaCzasuPracy (EwidencjaID, ProduktZamowienieID, PracownikID, GodzinyPracy, DataPracy) VALUES (65, 189, 6, 5, GETDATE());
INSERT INTO EwidencjaCzasuPracy (EwidencjaID, ProduktZamowienieID, PracownikID, GodzinyPracy, DataPracy) VALUES (66, 60, 8, 5, GETDATE());
INSERT INTO EwidencjaCzasuPracy (EwidencjaID, ProduktZamowienieID, PracownikID, GodzinyPracy, DataPracy) VALUES (67, 75, 7, 4, GETDATE());
INSERT INTO EwidencjaCzasuPracy (EwidencjaID, ProduktZamowienieID, PracownikID, GodzinyPracy, DataPracy) VALUES (68, 200, 6, 6, GETDATE());
INSERT INTO EwidencjaCzasuPracy (EwidencjaID, ProduktZamowienieID, PracownikID, GodzinyPracy, DataPracy) VALUES (69, 198, 12, 3, GETDATE());
INSERT INTO EwidencjaCzasuPracy (EwidencjaID, ProduktZamowienieID, PracownikID, GodzinyPracy, DataPracy) VALUES (70, 92, 9, 6, GETDATE());
INSERT INTO EwidencjaCzasuPracy (EwidencjaID, ProduktZamowienieID, PracownikID, GodzinyPracy, DataPracy) VALUES (71, 146, 11, 6, GETDATE());
INSERT INTO EwidencjaCzasuPracy (EwidencjaID, ProduktZamowienieID, PracownikID, GodzinyPracy, DataPracy) VALUES (72, 66, 14, 3, GETDATE());
INSERT INTO EwidencjaCzasuPracy (EwidencjaID, ProduktZamowienieID, PracownikID, GodzinyPracy, DataPracy) VALUES (73, 41, 14, 7, GETDATE());
INSERT INTO EwidencjaCzasuPracy (EwidencjaID, ProduktZamowienieID, PracownikID, GodzinyPracy, DataPracy) VALUES (74, 94, 14, 4, GETDATE());
INSERT INTO EwidencjaCzasuPracy (EwidencjaID, ProduktZamowienieID, PracownikID, GodzinyPracy, DataPracy) VALUES (75, 24, 3, 2, GETDATE());
INSERT INTO EwidencjaCzasuPracy (EwidencjaID, ProduktZamowienieID, PracownikID, GodzinyPracy, DataPracy) VALUES (76, 182, 7, 8, GETDATE());
INSERT INTO EwidencjaCzasuPracy (EwidencjaID, ProduktZamowienieID, PracownikID, GodzinyPracy, DataPracy) VALUES (77, 192, 15, 5, GETDATE());
INSERT INTO EwidencjaCzasuPracy (EwidencjaID, ProduktZamowienieID, PracownikID, GodzinyPracy, DataPracy) VALUES (78, 89, 13, 4, GETDATE());
INSERT INTO EwidencjaCzasuPracy (EwidencjaID, ProduktZamowienieID, PracownikID, GodzinyPracy, DataPracy) VALUES (79, 29, 15, 8, GETDATE());
INSERT INTO EwidencjaCzasuPracy (EwidencjaID, ProduktZamowienieID, PracownikID, GodzinyPracy, DataPracy) VALUES (80, 130, 5, 3, GETDATE());
INSERT INTO EwidencjaCzasuPracy (EwidencjaID, ProduktZamowienieID, PracownikID, GodzinyPracy, DataPracy) VALUES (81, 111, 20, 6, GETDATE());
INSERT INTO EwidencjaCzasuPracy (EwidencjaID, ProduktZamowienieID, PracownikID, GodzinyPracy, DataPracy) VALUES (82, 156, 1, 8, GETDATE());
INSERT INTO EwidencjaCzasuPracy (EwidencjaID, ProduktZamowienieID, PracownikID, GodzinyPracy, DataPracy) VALUES (83, 216, 1, 4, GETDATE());
INSERT INTO EwidencjaCzasuPracy (EwidencjaID, ProduktZamowienieID, PracownikID, GodzinyPracy, DataPracy) VALUES (84, 100, 2, 3, GETDATE());
INSERT INTO EwidencjaCzasuPracy (EwidencjaID, ProduktZamowienieID, PracownikID, GodzinyPracy, DataPracy) VALUES (85, 97, 12, 4, GETDATE());
INSERT INTO EwidencjaCzasuPracy (EwidencjaID, ProduktZamowienieID, PracownikID, GodzinyPracy, DataPracy) VALUES (86, 1, 10, 5, GETDATE());
INSERT INTO EwidencjaCzasuPracy (EwidencjaID, ProduktZamowienieID, PracownikID, GodzinyPracy, DataPracy) VALUES (87, 88, 4, 2, GETDATE());
INSERT INTO EwidencjaCzasuPracy (EwidencjaID, ProduktZamowienieID, PracownikID, GodzinyPracy, DataPracy) VALUES (88, 35, 20, 2, GETDATE());
INSERT INTO EwidencjaCzasuPracy (EwidencjaID, ProduktZamowienieID, PracownikID, GodzinyPracy, DataPracy) VALUES (89, 91, 16, 7, GETDATE());
INSERT INTO EwidencjaCzasuPracy (EwidencjaID, ProduktZamowienieID, PracownikID, GodzinyPracy, DataPracy) VALUES (90, 4, 3, 8, GETDATE());
INSERT INTO EwidencjaCzasuPracy (EwidencjaID, ProduktZamowienieID, PracownikID, GodzinyPracy, DataPracy) VALUES (91, 134, 9, 7, GETDATE());
INSERT INTO EwidencjaCzasuPracy (EwidencjaID, ProduktZamowienieID, PracownikID, GodzinyPracy, DataPracy) VALUES (92, 74, 9, 7, GETDATE());
INSERT INTO EwidencjaCzasuPracy (EwidencjaID, ProduktZamowienieID, PracownikID, GodzinyPracy, DataPracy) VALUES (93, 171, 19, 4, GETDATE());
INSERT INTO EwidencjaCzasuPracy (EwidencjaID, ProduktZamowienieID, PracownikID, GodzinyPracy, DataPracy) VALUES (94, 223, 7, 8, GETDATE());
INSERT INTO EwidencjaCzasuPracy (EwidencjaID, ProduktZamowienieID, PracownikID, GodzinyPracy, DataPracy) VALUES (95, 89, 8, 6, GETDATE());
INSERT INTO EwidencjaCzasuPracy (EwidencjaID, ProduktZamowienieID, PracownikID, GodzinyPracy, DataPracy) VALUES (96, 225, 20, 4, GETDATE());
INSERT INTO EwidencjaCzasuPracy (EwidencjaID, ProduktZamowienieID, PracownikID, GodzinyPracy, DataPracy) VALUES (97, 108, 7, 4, GETDATE());
INSERT INTO EwidencjaCzasuPracy (EwidencjaID, ProduktZamowienieID, PracownikID, GodzinyPracy, DataPracy) VALUES (98, 144, 1, 6, GETDATE());
INSERT INTO EwidencjaCzasuPracy (EwidencjaID, ProduktZamowienieID, PracownikID, GodzinyPracy, DataPracy) VALUES (99, 165, 19, 8, GETDATE());
INSERT INTO EwidencjaCzasuPracy (EwidencjaID, ProduktZamowienieID, PracownikID, GodzinyPracy, DataPracy) VALUES (100, 128, 17, 7, GETDATE());
INSERT INTO EwidencjaCzasuPracy (EwidencjaID, ProduktZamowienieID, PracownikID, GodzinyPracy, DataPracy) VALUES (101, 142, 4, 4, GETDATE());
INSERT INTO EwidencjaCzasuPracy (EwidencjaID, ProduktZamowienieID, PracownikID, GodzinyPracy, DataPracy) VALUES (102, 212, 19, 3, GETDATE());
INSERT INTO EwidencjaCzasuPracy (EwidencjaID, ProduktZamowienieID, PracownikID, GodzinyPracy, DataPracy) VALUES (103, 34, 10, 7, GETDATE());
INSERT INTO EwidencjaCzasuPracy (EwidencjaID, ProduktZamowienieID, PracownikID, GodzinyPracy, DataPracy) VALUES (104, 69, 13, 5, GETDATE());
INSERT INTO EwidencjaCzasuPracy (EwidencjaID, ProduktZamowienieID, PracownikID, GodzinyPracy, DataPracy) VALUES (105, 62, 10, 6, GETDATE());
INSERT INTO EwidencjaCzasuPracy (EwidencjaID, ProduktZamowienieID, PracownikID, GodzinyPracy, DataPracy) VALUES (106, 117, 17, 6, GETDATE());
INSERT INTO EwidencjaCzasuPracy (EwidencjaID, ProduktZamowienieID, PracownikID, GodzinyPracy, DataPracy) VALUES (107, 196, 14, 7, GETDATE());
INSERT INTO EwidencjaCzasuPracy (EwidencjaID, ProduktZamowienieID, PracownikID, GodzinyPracy, DataPracy) VALUES (108, 101, 16, 7, GETDATE());
INSERT INTO EwidencjaCzasuPracy (EwidencjaID, ProduktZamowienieID, PracownikID, GodzinyPracy, DataPracy) VALUES (109, 32, 20, 3, GETDATE());
INSERT INTO EwidencjaCzasuPracy (EwidencjaID, ProduktZamowienieID, PracownikID, GodzinyPracy, DataPracy) VALUES (110, 194, 3, 2, GETDATE());
INSERT INTO EwidencjaCzasuPracy (EwidencjaID, ProduktZamowienieID, PracownikID, GodzinyPracy, DataPracy) VALUES (111, 127, 7, 5, GETDATE());
INSERT INTO EwidencjaCzasuPracy (EwidencjaID, ProduktZamowienieID, PracownikID, GodzinyPracy, DataPracy) VALUES (112, 51, 4, 4, GETDATE());
INSERT INTO EwidencjaCzasuPracy (EwidencjaID, ProduktZamowienieID, PracownikID, GodzinyPracy, DataPracy) VALUES (113, 41, 3, 3, GETDATE());
INSERT INTO EwidencjaCzasuPracy (EwidencjaID, ProduktZamowienieID, PracownikID, GodzinyPracy, DataPracy) VALUES (114, 137, 9, 6, GETDATE());
INSERT INTO EwidencjaCzasuPracy (EwidencjaID, ProduktZamowienieID, PracownikID, GodzinyPracy, DataPracy) VALUES (115, 62, 17, 7, GETDATE());
INSERT INTO EwidencjaCzasuPracy (EwidencjaID, ProduktZamowienieID, PracownikID, GodzinyPracy, DataPracy) VALUES (116, 149, 4, 6, GETDATE());
INSERT INTO EwidencjaCzasuPracy (EwidencjaID, ProduktZamowienieID, PracownikID, GodzinyPracy, DataPracy) VALUES (117, 41, 15, 6, GETDATE());
INSERT INTO EwidencjaCzasuPracy (EwidencjaID, ProduktZamowienieID, PracownikID, GodzinyPracy, DataPracy) VALUES (118, 161, 2, 6, GETDATE());
INSERT INTO EwidencjaCzasuPracy (EwidencjaID, ProduktZamowienieID, PracownikID, GodzinyPracy, DataPracy) VALUES (119, 167, 3, 5, GETDATE());
INSERT INTO EwidencjaCzasuPracy (EwidencjaID, ProduktZamowienieID, PracownikID, GodzinyPracy, DataPracy) VALUES (120, 97, 12, 8, GETDATE());
INSERT INTO EwidencjaCzasuPracy (EwidencjaID, ProduktZamowienieID, PracownikID, GodzinyPracy, DataPracy) VALUES (121, 107, 5, 6, GETDATE());
INSERT INTO EwidencjaCzasuPracy (EwidencjaID, ProduktZamowienieID, PracownikID, GodzinyPracy, DataPracy) VALUES (122, 79, 7, 2, GETDATE());
INSERT INTO EwidencjaCzasuPracy (EwidencjaID, ProduktZamowienieID, PracownikID, GodzinyPracy, DataPracy) VALUES (123, 22, 7, 5, GETDATE());
INSERT INTO EwidencjaCzasuPracy (EwidencjaID, ProduktZamowienieID, PracownikID, GodzinyPracy, DataPracy) VALUES (124, 179, 2, 3, GETDATE());
INSERT INTO EwidencjaCzasuPracy (EwidencjaID, ProduktZamowienieID, PracownikID, GodzinyPracy, DataPracy) VALUES (125, 75, 13, 6, GETDATE());
INSERT INTO EwidencjaCzasuPracy (EwidencjaID, ProduktZamowienieID, PracownikID, GodzinyPracy, DataPracy) VALUES (126, 42, 7, 5, GETDATE());
INSERT INTO EwidencjaCzasuPracy (EwidencjaID, ProduktZamowienieID, PracownikID, GodzinyPracy, DataPracy) VALUES (127, 148, 17, 2, GETDATE());
INSERT INTO EwidencjaCzasuPracy (EwidencjaID, ProduktZamowienieID, PracownikID, GodzinyPracy, DataPracy) VALUES (128, 169, 3, 3, GETDATE());
INSERT INTO EwidencjaCzasuPracy (EwidencjaID, ProduktZamowienieID, PracownikID, GodzinyPracy, DataPracy) VALUES (129, 47, 16, 2, GETDATE());
INSERT INTO EwidencjaCzasuPracy (EwidencjaID, ProduktZamowienieID, PracownikID, GodzinyPracy, DataPracy) VALUES (130, 218, 10, 3, GETDATE());
INSERT INTO EwidencjaCzasuPracy (EwidencjaID, ProduktZamowienieID, PracownikID, GodzinyPracy, DataPracy) VALUES (131, 187, 20, 2, GETDATE());
INSERT INTO EwidencjaCzasuPracy (EwidencjaID, ProduktZamowienieID, PracownikID, GodzinyPracy, DataPracy) VALUES (132, 228, 4, 2, GETDATE());
INSERT INTO EwidencjaCzasuPracy (EwidencjaID, ProduktZamowienieID, PracownikID, GodzinyPracy, DataPracy) VALUES (133, 14, 11, 7, GETDATE());
INSERT INTO EwidencjaCzasuPracy (EwidencjaID, ProduktZamowienieID, PracownikID, GodzinyPracy, DataPracy) VALUES (134, 114, 5, 6, GETDATE());
INSERT INTO EwidencjaCzasuPracy (EwidencjaID, ProduktZamowienieID, PracownikID, GodzinyPracy, DataPracy) VALUES (135, 181, 15, 2, GETDATE());
INSERT INTO EwidencjaCzasuPracy (EwidencjaID, ProduktZamowienieID, PracownikID, GodzinyPracy, DataPracy) VALUES (136, 168, 4, 6, GETDATE());
INSERT INTO EwidencjaCzasuPracy (EwidencjaID, ProduktZamowienieID, PracownikID, GodzinyPracy, DataPracy) VALUES (137, 80, 20, 6, GETDATE());
INSERT INTO EwidencjaCzasuPracy (EwidencjaID, ProduktZamowienieID, PracownikID, GodzinyPracy, DataPracy) VALUES (138, 152, 12, 2, GETDATE());
INSERT INTO EwidencjaCzasuPracy (EwidencjaID, ProduktZamowienieID, PracownikID, GodzinyPracy, DataPracy) VALUES (139, 39, 7, 6, GETDATE());
INSERT INTO EwidencjaCzasuPracy (EwidencjaID, ProduktZamowienieID, PracownikID, GodzinyPracy, DataPracy) VALUES (140, 47, 15, 4, GETDATE());
INSERT INTO EwidencjaCzasuPracy (EwidencjaID, ProduktZamowienieID, PracownikID, GodzinyPracy, DataPracy) VALUES (141, 62, 13, 6, GETDATE());
INSERT INTO EwidencjaCzasuPracy (EwidencjaID, ProduktZamowienieID, PracownikID, GodzinyPracy, DataPracy) VALUES (142, 105, 7, 4, GETDATE());
INSERT INTO EwidencjaCzasuPracy (EwidencjaID, ProduktZamowienieID, PracownikID, GodzinyPracy, DataPracy) VALUES (143, 160, 6, 2, GETDATE());
INSERT INTO EwidencjaCzasuPracy (EwidencjaID, ProduktZamowienieID, PracownikID, GodzinyPracy, DataPracy) VALUES (144, 168, 14, 3, GETDATE());
INSERT INTO EwidencjaCzasuPracy (EwidencjaID, ProduktZamowienieID, PracownikID, GodzinyPracy, DataPracy) VALUES (145, 165, 2, 6, GETDATE());
INSERT INTO EwidencjaCzasuPracy (EwidencjaID, ProduktZamowienieID, PracownikID, GodzinyPracy, DataPracy) VALUES (146, 128, 9, 7, GETDATE());
INSERT INTO EwidencjaCzasuPracy (EwidencjaID, ProduktZamowienieID, PracownikID, GodzinyPracy, DataPracy) VALUES (147, 104, 12, 3, GETDATE());
INSERT INTO EwidencjaCzasuPracy (EwidencjaID, ProduktZamowienieID, PracownikID, GodzinyPracy, DataPracy) VALUES (148, 213, 12, 6, GETDATE());
INSERT INTO EwidencjaCzasuPracy (EwidencjaID, ProduktZamowienieID, PracownikID, GodzinyPracy, DataPracy) VALUES (149, 16, 2, 8, GETDATE());
INSERT INTO EwidencjaCzasuPracy (EwidencjaID, ProduktZamowienieID, PracownikID, GodzinyPracy, DataPracy) VALUES (150, 232, 2, 3, GETDATE());
SET IDENTITY_INSERT EwidencjaCzasuPracy OFF;
GO

EXEC sp_MSforeachtable 'ALTER TABLE ? WITH CHECK CHECK CONSTRAINT ALL';
GO